Workbook

Sheet MER

Sheet Entidades
A1: Entidad | B1: Desripción
A2: aerolinea | B2: Entidad que contiene la información de una aerolínea. Contiene nombre, código y estado de activación.
A3: empleado | B3: Entidad que contiene la información de un piloto . Contiene nombre, correo, número de identificación, BP, fechas de vinculación con la aerolínea, rol y estado de activación.
A4: motor | B4: Entidad que contiene la información del tipo de motor de una aeronave. Contiene identificador y nombre.
A5: fabricante | B5: Entidad que contiene la información de un fabricante de aeronaves. Contiene identificador y nombre.
A6: modelo | B6: Entidad que contiene la información de un modelo de aeronave. Incluye nombre, tipo de aeronave, familia, tipo de motor, fabricante y estado de activación.
A7: matricula | B7: Entidad que contiene la información de la matrícula de una aeronave específica. Vincula un número de cola con un modelo de aeronave y una aerolínea.
A8: aeropuerto | B8: Entidad que contiene la información de un aeropuerto. Contiene nombre, código IATA, tipo de aeropuerto y estado de activación.
A9: ruta | B9: Entidad que contiene la información de una ruta física entre dos aeropuertos. Incluye aeropuerto de origen, aeropuerto de destino, tipo de aeropuerto y tiempo estimado de vuelo.
A10: ruta aerolinea | B10: Entidad que contiene la información de una ruta asignada a una aerolínea específica. Vincula una ruta física con una aerolínea e incluye su estado de activación.
A11: bitacora diaria | B11: Entidad que contiene la información de la bitácora diaria de un piloto. Contiene fecha, empleado asociado, página del libro y estado.
A12: detalle bitacora diaria | B12: Entidad que contiene la información de segmento de vuelo dentro de la bitácora diaria. Es la entidad central del sistema. Incluye fecha real del vuelo, número de vuelo, ruta, matrícula, pasajeros, tiempos de bloque y aire (OUT/OFF/ON/IN), rol del piloto, cargo de tripulante, nombre del compañero de cabina, tipo de aproximación y tipo de vuelo.
... A14: mensajes | B14: Entidad que contiene la información de un mensaje del sistema. Contiene código, tipo, categoría, módulo, título, contenido, estado de activación y fechas de creacion y actualizacion.

Sheet aerolinea
A1: <-Volver al inicio
A2: =Entidades!$A$1 -> Entidad | B2: =Entidades!A2 -> aerolinea
A3: =Entidades!$B$1 -> Desripción | B3: =Entidades!B2 -> Entidad que contiene la información de una aerolínea. Contiene nombre, código y estado de activación.
A4: Atributos
A5: Nombre | B5: Tipo de dato | C5: Longitud | D5: Cantidad dígitos parte entera | E5: Cantidad dígitos parte decimal (Precisión) | F5: ¿Es autoincremento? | G5: ¿Es obligatorio? | H5: ¿Es llave primaria o es parte de ella? | I5: Llave Foránea | L5: Restricciones de unicidad | N5: Restricciones de chequeo | P5: Restricciones de índice | S5: Alias | T5: Descripción del campo
I6: ¿Es llave foránea? | J6: Entidad | K6: Columna(s) | L6: ¿Posee restricción de unicidad o es parte de ella? | M6: Nombre restricción unicidad a la que pertenece | N6: ¿Posee restricción de chequeo o es parte de ella? | O6: Nombre restricción chequeo a la que pertenece | P6: ¿Posee restricción de índice o es parte de ella? | Q6: Tipo | R6: Nombre restricción índice a la que pertenece
A7: id | B7: VARCHAR | C7: 36 | F7: NO | G7: SÍ | H7: SÍ | I7: NO | L7: NO | N7: NO | P7: SÍ | Q7: PRIMARY | R7: PRIMARY | T7: Identificador único UUID de la aerolínea
A8: airline_name | B8: VARCHAR | C8: 30 | F8: NO | G8: SÍ | H8: NO | I8: NO | L8: NO | N8: NO | P8: NO | T8: Nombre de la aerolínea
A9: airline_code | B9: VARCHAR | C9: 3 | F9: NO | G9: SÍ | H9: NO | I9: NO | L9: NO | N9: NO | P9: NO | T9: Código IATA de la aerolínea (ej: AV, LA)
A10: status | B10: BOOLEAN | F10: NO | G10: SÍ | H10: NO | I10: NO | L10: NO | N10: NO | P10: NO | T10: Estado de activación de la aerolínea (true=activa, false=inactiva)

Sheet Valores
A1: Relación | B1: Tipo relación | C1: Estado | D1: TipoIndice
A2: Necesita de | B2: Asociación | C2: SI | D2: ASC
A3: Es usada por | C3: NO | D3: DESC

Sheet empleado
A1: <-Volver al inicio
A2: =Entidades!$A$1 -> Entidad | B2: =Entidades!A3 -> empleado
A3: =Entidades!$B$1 -> Desripción | B3: =Entidades!B3 -> Entidad que contiene la información de un piloto . Contiene nombre, correo, número de identificación, BP, fechas de vinculación con la aerolínea, rol y estado de activación.
A4: Atributos
A5: Nombre | B5: Tipo de dato | C5: Longitud | D5: Cantidad dígitos parte entera | E5: Cantidad dígitos parte decimal (Precisión) | F5: ¿Es autoincremento? | G5: ¿Es obligatorio? | H5: ¿Es llave primaria o es parte de ella? | I5: Llave Foránea | L5: Restricciones de unicidad | N5: Restricciones de chequeo | P5: Restricciones de índice | S5: Alias | T5: Descripción del campo
I6: ¿Es llave foránea? | J6: Entidad | K6: Columna(s) | L6: ¿Posee restricción de unicidad o es parte de ella? | M6: Nombre restricción unicidad a la que pertenece | N6: ¿Posee restricción de chequeo o es parte de ella? | O6: Nombre restricción chequeo a la que pertenece | P6: ¿Posee restricción de índice o es parte de ella? | Q6: Tipo | R6: Nombre restricción índice a la que pertenece
A7: id | B7: VARCHAR | C7: 36 | F7: NO | G7: SÍ | H7: SÍ | I7: NO | L7: NO | N7: NO | P7: SÍ | Q7: PRIMARY | R7: PRIMARY | T7: Identificador único UUID del empleado
A8: name | B8: VARCHAR | C8: 50 | F8: NO | G8: SÍ | H8: NO | I8: NO | L8: NO | N8: NO | P8: NO | T8: Nombre completo del empleado
A9: airline | B9: VARCHAR | C9: 36 | F9: NO | G9: NO | H9: NO | I9: SÍ | J9: airline | K9: id | L9: SÍ | M9: uq_ident_airline_bp | N9: NO | P9: SÍ | Q9: UNIQUE | R9: uq_ident_airline_bp | T9: Referencia a la aerolínea a la que pertenece el empleado
A10: email | B10: VARCHAR | C10: 150 | F10: NO | G10: SÍ | H10: NO | I10: NO | L10: SÍ | M10: uq_email | N10: NO | P10: SÍ | Q10: UNIQUE | R10: uq_email | T10: Correo electrónico del empleado (único en el sistema)
A11: identification_number | B11: VARCHAR | C11: 10 | F11: NO | G11: SÍ | H11: NO | I11: NO | L11: SÍ | M11: uq_ident_airline_bp | N11: NO | P11: SÍ | Q11: UNIQUE | R11: uq_ident_airline_bp | T11: Número de identificación del empleado (cédula)
A12: bp | B12: VARCHAR | C12: 16 | F12: NO | G12: NO | H12: NO | I12: NO | L12: SÍ | M12: uq_ident_airline_bp | N12: NO | P12: SÍ | Q12: UNIQUE | R12: uq_ident_airline_bp | T12: Número de BP ( identificación interna) del empleado
A13: start_date | B13: DATE | F13: NO | G13: NO | H13: NO | I13: NO | L13: NO | N13: NO | P13: NO | T13: Fecha de inicio de vinculación con la aerolínea
A14: end_date | B14: DATE | F14: NO | G14: NO | H14: NO | I14: NO | L14: NO | N14: NO | P14: NO | T14: Fecha de fin de vinculación con la aerolínea
A15: active | B15: BOOLEAN | F15: NO | G15: SÍ | H15: NO | I15: NO | L15: NO | N15: NO | P15: NO | T15: Estado de activación del empleado (true=activo, false=inactivo)
A16: role | B16: VARCHAR | C16: 10 | F16: NO | G16: SÍ | H16: NO | I16: NO | L16: NO | N16: NO | P16: NO | T16: Rol del empleado en el sistema (admin, pilot)
A17: keycloak_user_id | B17: VARCHAR | C17: 36 | F17: NO | G17: NO | H17: NO | I17: NO | L17: NO | N17: NO | P17: NO | T17: Identificador del usuario en Keycloak (sistema de autenticación)

Sheet motor
A1: <-Volver al inicio
A2: =Entidades!$A$1 -> Entidad | B2: =Entidades!A4 -> motor
A3: =Entidades!$B$1 -> Desripción | B3: =Entidades!B4 -> Entidad que contiene la información del tipo de motor de una aeronave. Contiene identificador y nombre.
A4: Atributos
A5: Nombre | B5: Tipo de dato | C5: Longitud | D5: Cantidad dígitos parte entera | E5: Cantidad dígitos parte decimal (Precisión) | F5: ¿Es autoincremento? | G5: ¿Es obligatorio? | H5: ¿Es llave primaria o es parte de ella? | I5: Llave Foránea | L5: Restricciones de unicidad | N5: Restricciones de chequeo | P5: Restricciones de índice | S5: Alias | T5: Descripción del campo
I6: ¿Es llave foránea? | J6: Entidad | K6: Columna(s) | L6: ¿Posee restricción de unicidad o es parte de ella? | M6: Nombre restricción unicidad a la que pertenece | N6: ¿Posee restricción de chequeo o es parte de ella? | O6: Nombre restricción chequeo a la que pertenece | P6: ¿Posee restricción de índice o es parte de ella? | Q6: Tipo | R6: Nombre restricción índice a la que pertenece
A7: id | B7: VARCHAR | C7: 36 | F7: NO | G7: SÍ | H7: SÍ | I7: NO | L7: NO | N7: NO | P7: SÍ | Q7: PRIMARY | R7: PRIMARY | T7: Identificador único UUID del tipo de motor
A8: name | B8: VARCHAR | C8: 3 | F8: NO | G8: SÍ | H8: NO | I8: NO | L8: NO | N8: NO | P8: NO | T8: Nombre o código del tipo de motor (ej: CFM, IAE)

Sheet fabricante
A1: <-Volver al inicio
A2: =Entidades!$A$1 -> Entidad | B2: =Entidades!A5 -> fabricante
A3: =Entidades!$B$1 -> Desripción | B3: =Entidades!B5 -> Entidad que contiene la información de un fabricante de aeronaves. Contiene identificador y nombre.
A4: Atributos
A5: Nombre | B5: Tipo de dato | C5: Longitud | D5: Cantidad dígitos parte entera | E5: Cantidad dígitos parte decimal (Precisión) | F5: ¿Es autoincremento? | G5: ¿Es obligatorio? | H5: ¿Es llave primaria o es parte de ella? | I5: Llave Foránea | L5: Restricciones de unicidad | N5: Restricciones de chequeo | P5: Restricciones de índice | S5: Alias | T5: Descripción del campo
I6: ¿Es llave foránea? | J6: Entidad | K6: Columna(s) | L6: ¿Posee restricción de unicidad o es parte de ella? | M6: Nombre restricción unicidad a la que pertenece | N6: ¿Posee restricción de chequeo o es parte de ella? | O6: Nombre restricción chequeo a la que pertenece | P6: ¿Posee restricción de índice o es parte de ella? | Q6: Tipo | R6: Nombre restricción índice a la que pertenece
A7: id | B7: VARCHAR | C7: 36 | F7: NO | G7: SÍ | H7: SÍ | I7: NO | L7: NO | N7: NO | P7: SÍ | Q7: PRIMARY | R7: PRIMARY | T7: Identificador único UUID del fabricante
A8: name | B8: VARCHAR | C8: 50 | F8: NO | G8: SÍ | H8: NO | I8: NO | L8: NO | N8: NO | P8: NO | T8: Nombre del fabricante de aeronaves (ej: Boeing, Airbus)

Sheet modelo
A1: <-Volver al inicio
A2: =Entidades!$A$1 -> Entidad | B2: =Entidades!A6 -> modelo
A3: =Entidades!$B$1 -> Desripción | B3: =Entidades!B6 -> Entidad que contiene la información de un modelo de aeronave. Incluye nombre, tipo de aeronave, familia, tipo de motor, fabricante y estado de activación.
A4: Atributos
A5: Nombre | B5: Tipo de dato | C5: Longitud | D5: Cantidad dígitos parte entera | E5: Cantidad dígitos parte decimal (Precisión) | F5: ¿Es autoincremento? | G5: ¿Es obligatorio? | H5: ¿Es llave primaria o es parte de ella? | I5: Llave Foránea | L5: Restricciones de unicidad | N5: Restricciones de chequeo | P5: Restricciones de índice | S5: Alias | T5: Descripción del campo
I6: ¿Es llave foránea? | J6: Entidad | K6: Columna(s) | L6: ¿Posee restricción de unicidad o es parte de ella? | M6: Nombre restricción unicidad a la que pertenece | N6: ¿Posee restricción de chequeo o es parte de ella? | O6: Nombre restricción chequeo a la que pertenece | P6: ¿Posee restricción de índice o es parte de ella? | Q6: Tipo | R6: Nombre restricción índice a la que pertenece
A7: id | B7: VARCHAR | C7: 36 | F7: NO | G7: SÍ | H7: SÍ | I7: NO | L7: NO | N7: NO | P7: SÍ | Q7: PRIMARY | R7: PRIMARY | T7: Identificador único UUID del modelo de aeronave
A8: model_name | B8: VARCHAR | C8: 8 | F8: NO | G8: NO | H8: NO | I8: NO | L8: NO | N8: NO | P8: NO | T8: Nombre corto del modelo (ej: B737, A320)
A9: aircraft_type_name | B9: VARCHAR | C9: 50 | F9: NO | G9: NO | H9: NO | I9: NO | L9: NO | N9: NO | P9: NO | T9: Nombre completo del tipo de aeronave
A10: engine_type_id | B10: VARCHAR | C10: 36 | F10: NO | G10: NO | H10: NO | I10: SÍ | J10: engine | K10: id | L10: NO | N10: NO | P10: NO | T10: Referencia al tipo de motor de la aeronave
A11: family | B11: VARCHAR | C11: 20 | F11: NO | G11: NO | H11: NO | I11: NO | L11: NO | N11: NO | P11: NO | T11: Familia de la aeronave (ej: 737, A320)
A12: manufacturer_id | B12: VARCHAR | C12: 36 | F12: NO | G12: NO | H12: NO | I12: SÍ | J12: manufacturer | K12: id | L12: NO | N12: NO | P12: NO | T12: Referencia al fabricante de la aeronave
A13: status | B13: BOOLEAN | F13: NO | G13: SÍ | H13: NO | I13: NO | L13: NO | N13: NO | P13: NO | T13: Estado de activación del modelo (true=activo, false=inactivo)

Sheet matricula
A1: <-Volver al inicio
A2: =Entidades!$A$1 -> Entidad | B2: =Entidades!A7 -> matricula
A3: =Entidades!$B$1 -> Desripción | B3: =Entidades!B7 -> Entidad que contiene la información de la matrícula de una aeronave específica. Vincula un número de cola con un modelo de aeronave y una aerolínea.
A4: Atributos
A5: Nombre | B5: Tipo de dato | C5: Longitud | D5: Cantidad dígitos parte entera | E5: Cantidad dígitos parte decimal (Precisión) | F5: ¿Es autoincremento? | G5: ¿Es obligatorio? | H5: ¿Es llave primaria o es parte de ella? | I5: Llave Foránea | L5: Restricciones de unicidad | N5: Restricciones de chequeo | P5: Restricciones de índice | S5: Alias | T5: Descripción del campo
I6: ¿Es llave foránea? | J6: Entidad | K6: Columna(s) | L6: ¿Posee restricción de unicidad o es parte de ella? | M6: Nombre restricción unicidad a la que pertenece | N6: ¿Posee restricción de chequeo o es parte de ella? | O6: Nombre restricción chequeo a la que pertenece | P6: ¿Posee restricción de índice o es parte de ella? | Q6: Tipo | R6: Nombre restricción índice a la que pertenece
A7: id | B7: VARCHAR | C7: 36 | F7: NO | G7: SÍ | H7: SÍ | I7: NO | L7: NO | N7: NO | P7: SÍ | Q7: PRIMARY | R7: PRIMARY | T7: Identificador único UUID del registro de matrícula
A8: tail_number | B8: VARCHAR | C8: 7 | F8: NO | G8: SÍ | H8: NO | I8: NO | L8: SÍ | M8: uq_tail_number | N8: NO | P8: SÍ | Q8: UNIQUE | R8: uq_tail_number | T8: Número de cola/matrícula de la aeronave (ej: HK-4XXX)
A9: aircraft_model_id | B9: VARCHAR | C9: 36 | F9: NO | G9: SÍ | H9: NO | I9: SÍ | J9: aircraft_model | K9: id | L9: NO | N9: NO | P9: NO | T9: Referencia al modelo de aeronave
A10: airline_id | B10: VARCHAR | C10: 36 | F10: NO | G10: SÍ | H10: NO | I10: SÍ | J10: airline | K10: id | L10: NO | N10: NO | P10: NO | T10: Referencia a la aerolínea propietaria

Sheet aeropuerto
A1: <-Volver al inicio
A2: =Entidades!$A$1 -> Entidad | B2: =Entidades!A8 -> aeropuerto
A3: =Entidades!$B$1 -> Desripción | B3: =Entidades!B8 -> Entidad que contiene la información de un aeropuerto. Contiene nombre, código IATA, tipo de aeropuerto y estado de activación.
A4: Atributos
A5: Nombre | B5: Tipo de dato | C5: Longitud | D5: Cantidad dígitos parte entera | E5: Cantidad dígitos parte decimal (Precisión) | F5: ¿Es autoincremento? | G5: ¿Es obligatorio? | H5: ¿Es llave primaria o es parte de ella? | I5: Llave Foránea | L5: Restricciones de unicidad | N5: Restricciones de chequeo | P5: Restricciones de índice | S5: Alias | T5: Descripción del campo
I6: ¿Es llave foránea? | J6: Entidad | K6: Columna(s) | L6: ¿Posee restricción de unicidad o es parte de ella? | M6: Nombre restricción unicidad a la que pertenece | N6: ¿Posee restricción de chequeo o es parte de ella? | O6: Nombre restricción chequeo a la que pertenece | P6: ¿Posee restricción de índice o es parte de ella? | Q6: Tipo | R6: Nombre restricción índice a la que pertenece
A7: id | B7: VARCHAR | C7: 36 | F7: NO | G7: SÍ | H7: SÍ | I7: NO | L7: NO | N7: NO | P7: SÍ | Q7: PRIMARY | R7: PRIMARY | T7: Identificador único UUID del aeropuerto
A8: name | B8: VARCHAR | C8: 50 | F8: NO | G8: SÍ | H8: NO | I8: NO | L8: NO | N8: NO | P8: NO | T8: Nombre completo del aeropuerto
A9: iata_code | B9: VARCHAR | C9: 3 | F9: NO | G9: NO | H9: NO | I9: NO | L9: NO | N9: NO | P9: NO | T9: Código IATA del aeropuerto (ej: BOG, CLO, MDE)
A10: status | B10: BOOLEAN | F10: NO | G10: SÍ | H10: NO | I10: NO | L10: NO | N10: NO | P10: NO | T10: Estado de activación del aeropuerto (true=activo, false=inactivo)
A11: airport_type | B11: VARCHAR | C11: 13 | F11: NO | G11: NO | H11: NO | I11: NO | L11: NO | N11: NO | P11: NO | T11: Tipo de aeropuerto (ej: internacional, nacional)

Sheet ruta
A1: <-Volver al inicio
A2: =Entidades!$A$1 -> Entidad | B2: =Entidades!A9 -> ruta
A3: =Entidades!$B$1 -> Desripción | B3: =Entidades!B9 -> Entidad que contiene la información de una ruta física entre dos aeropuertos. Incluye aeropuerto de origen, aeropuerto de destino, tipo de aeropuerto y tiempo estimado de vuelo.
A4: Atributos
A5: Nombre | B5: Tipo de dato | C5: Longitud | D5: Cantidad dígitos parte entera | E5: Cantidad dígitos parte decimal (Precisión) | F5: ¿Es autoincremento? | G5: ¿Es obligatorio? | H5: ¿Es llave primaria o es parte de ella? | I5: Llave Foránea | L5: Restricciones de unicidad | N5: Restricciones de chequeo | P5: Restricciones de índice | S5: Alias | T5: Descripción del campo
I6: ¿Es llave foránea? | J6: Entidad | K6: Columna(s) | L6: ¿Posee restricción de unicidad o es parte de ella? | M6: Nombre restricción unicidad a la que pertenece | N6: ¿Posee restricción de chequeo o es parte de ella? | O6: Nombre restricción chequeo a la que pertenece | P6: ¿Posee restricción de índice o es parte de ella? | Q6: Tipo | R6: Nombre restricción índice a la que pertenece
A7: id | B7: VARCHAR | C7: 36 | F7: NO | G7: SÍ | H7: SÍ | I7: NO | L7: NO | N7: NO | P7: SÍ | Q7: PRIMARY | R7: PRIMARY | T7: Identificador único UUID de la ruta
A8: origin_airport_id | B8: VARCHAR | C8: 36 | F8: NO | G8: SÍ | H8: NO | I8: SÍ | J8: airport | K8: id | L8: SÍ | M8: uq_route_origin_destination | N8: NO | P8: SÍ | Q8: UNIQUE | R8: uq_route_origin_destination | T8: Referencia al aeropuerto de origen
A9: destination_airport_id | B9: VARCHAR | C9: 36 | F9: NO | G9: SÍ | H9: NO | I9: SÍ | J9: airport | K9: id | L9: SÍ | M9: uq_route_origin_destination | N9: NO | P9: SÍ | Q9: UNIQUE | R9: uq_route_origin_destination | T9: Referencia al aeropuerto de destino
A10: airport_type | B10: VARCHAR | C10: 13 | F10: NO | G10: SÍ | H10: NO | I10: NO | L10: NO | N10: NO | P10: NO | T10: Tipo de operación de la ruta
A11: estimated_flight_time | B11: TIME | F11: NO | G11: NO | H11: NO | I11: NO | L11: NO | N11: NO | P11: NO | T11: Tiempo estimado de vuelo en formato HH:MM:SS

Sheet ruta aerolinea
A1: <-Volver al inicio
A2: =Entidades!$A$1 -> Entidad | B2: =Entidades!A10 -> ruta aerolinea
A3: =Entidades!$B$1 -> Desripción | B3: =Entidades!B10 -> Entidad que contiene la información de una ruta asignada a una aerolínea específica. Vincula una ruta física con una aerolínea e incluye su estado de activación.
A4: Atributos
A5: Nombre | B5: Tipo de dato | C5: Longitud | D5: Cantidad dígitos parte entera | E5: Cantidad dígitos parte decimal (Precisión) | F5: ¿Es autoincremento? | G5: ¿Es obligatorio? | H5: ¿Es llave primaria o es parte de ella? | I5: Llave Foránea | L5: Restricciones de unicidad | N5: Restricciones de chequeo | P5: Restricciones de índice | S5: Alias | T5: Descripción del campo
I6: ¿Es llave foránea? | J6: Entidad | K6: Columna(s) | L6: ¿Posee restricción de unicidad o es parte de ella? | M6: Nombre restricción unicidad a la que pertenece | N6: ¿Posee restricción de chequeo o es parte de ella? | O6: Nombre restricción chequeo a la que pertenece | P6: ¿Posee restricción de índice o es parte de ella? | Q6: Tipo | R6: Nombre restricción índice a la que pertenece
A7: id | B7: VARCHAR | C7: 36 | F7: NO | G7: SÍ | H7: SÍ | I7: NO | L7: NO | N7: NO | P7: SÍ | Q7: PRIMARY | R7: PRIMARY | T7: Identificador único UUID de la ruta de aerolínea
A8: route_id | B8: VARCHAR | C8: 36 | F8: NO | G8: SÍ | H8: NO | I8: SÍ | J8: route | K8: id | L8: NO | N8: NO | P8: NO | T8: Referencia a la ruta física
A9: airline_id | B9: VARCHAR | C9: 36 | F9: NO | G9: SÍ | H9: NO | I9: SÍ | J9: airline | K9: id | L9: NO | N9: NO | P9: NO | T9: Referencia a la aerolínea
A10: status | B10: VARCHAR | C10: 8 | F10: NO | G10: SÍ | H10: NO | I10: NO | L10: NO | N10: NO | P10: NO | T10: Estado de la ruta (active/inactive)

Sheet bitacora diaria
A1: <-Volver al inicio
A2: =Entidades!$A$1 -> Entidad | B2: =Entidades!A11 -> bitacora diaria
A3: =Entidades!$B$1 -> Desripción | B3: =Entidades!B11 -> Entidad que contiene la información de la bitácora diaria de un piloto. Contiene fecha, empleado asociado, página del libro y estado.
A4: Atributos
A5: Nombre | B5: Tipo de dato | C5: Longitud | D5: Cantidad dígitos parte entera | E5: Cantidad dígitos parte decimal (Precisión) | F5: ¿Es autoincremento? | G5: ¿Es obligatorio? | H5: ¿Es llave primaria o es parte de ella? | I5: Llave Foránea | L5: Restricciones de unicidad | N5: Restricciones de chequeo | P5: Restricciones de índice | S5: Alias | T5: Descripción del campo
I6: ¿Es llave foránea? | J6: Entidad | K6: Columna(s) | L6: ¿Posee restricción de unicidad o es parte de ella? | M6: Nombre restricción unicidad a la que pertenece | N6: ¿Posee restricción de chequeo o es parte de ella? | O6: Nombre restricción chequeo a la que pertenece | P6: ¿Posee restricción de índice o es parte de ella? | Q6: Tipo | R6: Nombre restricción índice a la que pertenece
A7: id | B7: VARCHAR | C7: 36 | F7: NO | G7: SÍ | H7: SÍ | I7: NO | L7: NO | N7: NO | P7: SÍ | Q7: PRIMARY | R7: PRIMARY | T7: Identificador único UUID de la bitácora diaria
A8: log_date | B8: DATE | F8: NO | G8: SÍ | H8: NO | I8: NO | L8: NO | N8: NO | P8: NO | T8: Fecha de la bitácora
A9: employee_id | B9: VARCHAR | C9: 36 | F9: NO | G9: SÍ | H9: NO | I9: SÍ | J9: employee | K9: id | L9: NO | N9: NO | P9: NO | T9: Referencia al empleado dueño de la bitácora
A10: book_page | B10: BIGINT | F10: NO | G10: NO | H10: NO | I10: NO | L10: NO | N10: NO | P10: NO | T10: Número de página del libro físico de vuelo
A11: status | B11: VARCHAR | C11: 12 | F11: NO | G11: SÍ | H11: NO | I11: NO | L11: NO | N11: NO | P11: NO | T11: Estado de la bitácora (active/inactive)

Sheet detalle bitacora diaria
A1: <-Volver al inicio
A2: =Entidades!$A$1 -> Entidad | B2: =Entidades!A12 -> detalle bitacora diaria
A3: =Entidades!$B$1 -> Desripción | B3: =Entidades!B12 -> Entidad que contiene la información de segmento de vuelo dentro de la bitácora diaria. Es la entidad central del sistema. Incluye fecha real del vuelo, número de vuelo, ruta, matrícula, pasajeros, tiempos de bloque y aire (OUT/OFF/ON/IN), rol del piloto, cargo de tripulante, nombre del compañero de cabina, tipo de aproximación y tipo de vuelo.
A4: Atributos
A5: Nombre | B5: Tipo de dato | C5: Longitud | D5: Cantidad dígitos parte entera | E5: Cantidad dígitos parte decimal (Precisión) | F5: ¿Es autoincremento? | G5: ¿Es obligatorio? | H5: ¿Es llave primaria o es parte de ella? | I5: Llave Foránea | L5: Restricciones de unicidad | N5: Restricciones de chequeo | P5: Restricciones de índice | S5: Alias | T5: Descripción del campo
I6: ¿Es llave foránea? | J6: Entidad | K6: Columna(s) | L6: ¿Posee restricción de unicidad o es parte de ella? | M6: Nombre restricción unicidad a la que pertenece | N6: ¿Posee restricción de chequeo o es parte de ella? | O6: Nombre restricción chequeo a la que pertenece | P6: ¿Posee restricción de índice o es parte de ella? | Q6: Tipo | R6: Nombre restricción índice a la que pertenece
A7: id | B7: VARCHAR | C7: 36 | F7: NO | G7: SÍ | H7: SÍ | I7: NO | L7: NO | N7: NO | P7: SÍ | Q7: PRIMARY | R7: PRIMARY | T7: Identificador único UUID del detalle de vuelo
A8: daily_logbook_id | B8: VARCHAR | C8: 36 | F8: NO | G8: SÍ | H8: NO | I8: SÍ | J8: daily_logbook | K8: id | L8: NO | N8: NO | P8: NO | T8: Referencia a la bitácora diaria padre
A9: flight_real_date | B9: DATE | F9: NO | G9: SÍ | H9: NO | I9: NO | L9: NO | N9: NO | P9: NO | T9: Fecha real en la que se realizó el vuelo
A10: flight_number | B10: VARCHAR | C10: 36 | F10: NO | G10: SÍ | H10: NO | I10: NO | L10: NO | N10: NO | P10: NO | T10: Número del vuelo (ej: AV9741)
A11: airline_route_id | B11: VARCHAR | C11: 36 | F11: NO | G11: SÍ | H11: NO | I11: SÍ | J11: airline_route | K11: id | L11: NO | N11: NO | P11: NO | T11: Referencia a la ruta de aerolínea
A12: actual_tail_number_id | B12: VARCHAR | C12: 36 | F12: NO | G12: SÍ | H12: NO | I12: SÍ | J12: tail_number | K12: id | L12: NO | N12: NO | P12: NO | T12: Referencia a la matrícula de la aeronave utilizada
A13: passengers | B13: INT | F13: NO | G13: NO | H13: NO | I13: NO | L13: NO | N13: NO | P13: NO | T13: Cantidad de pasajeros en el vuelo
A14: out_time | B14: TIME | F14: NO | G14: NO | H14: NO | I14: NO | L14: NO | N14: NO | P14: NO | T14: Hora de salida de bloque (OUT) — inicio del taxeo
A15: takeoff_time | B15: TIME | F15: NO | G15: NO | H15: NO | I15: NO | L15: NO | N15: NO | P15: NO | T15: Hora de despegue (OFF)
A16: landing_time | B16: TIME | F16: NO | G16: NO | H16: NO | I16: NO | L16: NO | N16: NO | P16: NO | T16: Hora de aterrizaje (ON)
A17: in_time | B17: TIME | F17: NO | G17: NO | H17: NO | I17: NO | L17: NO | N17: NO | P17: NO | T17: Hora de llegada a bloque (IN) — fin del taxeo
A18: pilot_role | B18: ENUM | F18: NO | G18: NO | H18: NO | I18: NO | L18: NO | N18: NO | P18: NO | S18: PF, PM, PFTO, PFL | T18: Rol del piloto en el vuelo: PF (Pilot Flying), PM (Pilot Monitoring), PFTO (Pilot Flying Take-Off), PFL (Pilot Flying Landing)
A19: companion_name | B19: VARCHAR | C19: 100 | F19: NO | G19: NO | H19: NO | I19: NO | L19: NO | N19: NO | P19: NO | T19: Nombre del compañero de cabina (capitán o primer oficial)
A20: crew_role | B20: ENUM | F20: NO | G20: NO | H20: NO | I20: NO | L20: NO | N20: NO | P20: NO | S20: CAPTAIN, FIRST OFFICER | T20: Cargo del tripulante: captain (capitán) o first officer (primer oficial)
A21: air_time | B21: TIME | F21: NO | G21: NO | H21: NO | I21: NO | L21: NO | N21: NO | P21: NO | T21: Tiempo de vuelo calculado (landing_time - takeoff_time)
A22: block_time | B22: TIME | F22: NO | G22: NO | H22: NO | I22: NO | L22: NO | N22: NO | P22: NO | T22: Tiempo de bloque calculado (in_time - out_time)
A23: approach_type | B23: ENUM | F23: NO | G23: NO | H23: NO | I23: NO | L23: NO | N23: NO | P23: NO | S23: APV, VISUAL | T23: Tipo de aproximación: APV (con guía vertical) o VISUAL
A24: flight_type | B24: VARCHAR | C24: 20 | F24: NO | G24: NO | H24: NO | I24: NO | L24: NO | N24: NO | P24: NO | T24: Tipo de vuelo: COMMERCIAL, TRAINING, FERRY, CHECK, POSITIONING
A25: employee_logbook_id | B25: VARCHAR | C25: 36 | F25: NO | G25: NO | H25: NO | I25: SÍ | J25: employee | K25: id | L25: NO | N25: NO | P25: NO | T25: Referencia al empleado principal asociado al vuelo

Sheet Resumen vuelos del empleado
A1: <-Volver al inicio
A2: =Entidades!$A$1 -> Entidad | B2: =Entidades!A13 -> Resumen de vuelos del empleado
A3: =Entidades!$B$1 -> Desripción | B3: =Entidades!B13 -> Entidad que contiene la información del resumen acumulado de horas de vuelo de un empleado. Contiene tipo de período, año, totales de tiempo de aire, tiempo de bloque, tiempo de servicio, vuelos, aterrizajes y aproximaciones de categoría.
A4: Atributos
A5: Nombre | B5: Tipo de dato | C5: Longitud | D5: Cantidad dígitos parte entera | E5: Cantidad dígitos parte decimal (Precisión) | F5: ¿Es autoincremento? | G5: ¿Es obligatorio? | H5: ¿Es llave primaria o es parte de ella? | I5: Llave Foránea | L5: Restricciones de unicidad | N5: Restricciones de chequeo | P5: Restricciones de índice | S5: Alias | T5: Descripción del campo
I6: ¿Es llave foránea? | J6: Entidad | K6: Columna(s) | L6: ¿Posee restricción de unicidad o es parte de ella? | M6: Nombre restricción unicidad a la que pertenece | N6: ¿Posee restricción de chequeo o es parte de ella? | O6: Nombre restricción chequeo a la que pertenece | P6: ¿Posee restricción de índice o es parte de ella? | Q6: Tipo | R6: Nombre restricción índice a la que pertenece
A7: id | B7: VARCHAR | C7: 36 | F7: NO | G7: SÍ | H7: SÍ | I7: NO | L7: NO | N7: NO | P7: SÍ | Q7: PRIMARY | R7: PRIMARY | T7: Identificador único UUID del resumen
A8: employee_id | B8: VARCHAR | C8: 36 | F8: NO | G8: SÍ | H8: NO | I8: SÍ | J8: employee | K8: id | L8: SÍ | M8: uq_employee_period | N8: NO | P8: SÍ | Q8: UNIQUE | R8: uq_employee_period | T8: Referencia al empleado
A9: period_type | B9: VARCHAR | C9: 20 | F9: NO | G9: SÍ | H9: NO | I9: NO | L9: SÍ | M9: uq_employee_period | N9: NO | P9: SÍ | Q9: UNIQUE | R9: uq_employee_period | T9: Tipo de período: MONTHLY, QUARTERLY, ANNUAL, PERIOD_1_15, PERIOD_16_31
A10: period_year | B10: INT | F10: NO | G10: SÍ | H10: NO | I10: NO | L10: SÍ | M10: uq_employee_period | N10: NO | P10: SÍ | Q10: UNIQUE | R10: uq_employee_period | T10: Año del período (ej: 2025, 2026)
A11: period_number | B11: INT | F11: NO | G11: SÍ | H11: NO | I11: NO | L11: SÍ | M11: uq_employee_period | N11: NO | P11: SÍ | Q11: UNIQUE | R11: uq_employee_period | T11: Número del período según tipo (Mes: 1-12, Trimestre: 1-4, Año: 1, Quincena: 1-24)
A12: period_start | B12: DATE | F12: NO | G12: SÍ | H12: NO | I12: NO | L12: NO | N12: NO | P12: NO | T12: Fecha de inicio del período
A13: period_end | B13: DATE | F13: NO | G13: SÍ | H13: NO | I13: NO | L13: NO | N13: NO | P13: NO | T13: Fecha de fin del período
A14: total_air_time | B14: INT | F14: NO | G14: NO | H14: NO | I14: NO | L14: NO | N14: NO | P14: NO | T14: Total de tiempo de vuelo acumulado en el período (en minutos)
A15: total_block_time | B15: INT | F15: NO | G15: NO | H15: NO | I15: NO | L15: NO | N15: NO | P15: NO | T15: Total de tiempo de bloque acumulado en el período (en minutos)
A16: total_flights | B16: INT | F16: NO | G16: NO | H16: NO | I16: NO | L16: NO | N16: NO | P16: NO | T16: Total de vuelos realizados en el período
A17: total_landings | B17: INT | F17: NO | G17: NO | H17: NO | I17: NO | L17: NO | N17: NO | P17: NO | T17: Total de aterrizajes realizados en el período
A18: cat_approaches | B18: INT | F18: NO | G18: NO | H18: NO | I18: NO | L18: NO | N18: NO | P18: NO | T18: Cantidad de aproximaciones de categoría en el período
A19: last_cat_approach_date | B19: DATE | F19: NO | G19: NO | H19: NO | I19: NO | L19: NO | N19: NO | P19: NO | T19: Fecha de la última aproximación de categoría
A20: last_updated | B20: TIMESTAMP | F20: NO | G20: NO | H20: NO | I20: NO | L20: NO | N20: NO | P20: NO | T20: Timestamp de la última actualización del registro

Sheet mensajes
A1: <-Volver al inicio
A2: =Entidades!$A$1 -> Entidad | B2: =Entidades!A14 -> mensajes
A3: =Entidades!$B$1 -> Desripción | B3: =Entidades!B14 -> Entidad que contiene la información de un mensaje del sistema. Contiene código, tipo, categoría, módulo, título, contenido, estado de activación y fechas de creacion y actualizacion.
A4: Atributos
A5: Nombre | B5: Tipo de dato | C5: Longitud | D5: Cantidad dígitos parte entera | E5: Cantidad dígitos parte decimal (Precisión) | F5: ¿Es autoincremento? | G5: ¿Es obligatorio? | H5: ¿Es llave primaria o es parte de ella? | I5: Llave Foránea | L5: Restricciones de unicidad | N5: Restricciones de chequeo | P5: Restricciones de índice | S5: Alias | T5: Descripción del campo
I6: ¿Es llave foránea? | J6: Entidad | K6: Columna(s) | L6: ¿Posee restricción de unicidad o es parte de ella? | M6: Nombre restricción unicidad a la que pertenece | N6: ¿Posee restricción de chequeo o es parte de ella? | O6: Nombre restricción chequeo a la que pertenece | P6: ¿Posee restricción de índice o es parte de ella? | Q6: Tipo | R6: Nombre restricción índice a la que pertenece
A7: id | B7: VARCHAR | C7: 36 | F7: NO | G7: SÍ | H7: SÍ | I7: NO | L7: NO | N7: NO | P7: SÍ | Q7: PRIMARY | R7: PRIMARY | T7: Identificador único UUID del mensaje
A8: message_code | B8: VARCHAR | C8: 50 | F8: NO | G8: SÍ | H8: NO | I8: NO | L8: SÍ | M8: message_code | N8: NO | P8: SÍ | Q8: UNIQUE, INDEX | R8: message_code, idx_code | T8: Código único del mensaje (ej: MOD_U_DUP_ERR_00001)
A9: type | B9: ENUM | F9: NO | G9: SÍ | H9: NO | I9: NO | L9: NO | N9: NO | P9: SÍ | Q9: INDEX | R9: idx_type | S9: ERROR, EXITO, WARNING, INFO, DEBUG | T9: Tipo de mensaje: ERROR, EXITO, WARNING, INFO, DEBUG
A10: category | B10: VARCHAR | C10: 50 | F10: NO | G10: SÍ | H10: NO | I10: NO | L10: NO | N10: NO | P10: NO | T10: Categoría del mensaje: end_user, system, validation
A11: module | B11: VARCHAR | C11: 50 | F11: NO | G11: SÍ | H11: NO | I11: NO | L11: NO | N11: NO | P11: SÍ | Q11: INDEX | R11: idx_module | T11: Módulo al que pertenece: general, users, validation, authorization
A12: message_title | B12: VARCHAR | C12: 255 | F12: NO | G12: SÍ | H12: NO | I12: NO | L12: NO | N12: NO | P12: NO | T12: Título corto del mensaje
A13: message_content | B13: TEXT | F13: NO | G13: SÍ | H13: NO | I13: NO | L13: NO | N13: NO | P13: NO | T13: Contenido del mensaje con placeholders
A14: is_active | B14: BOOLEAN | F14: NO | G14: NO | H14: NO | I14: NO | L14: NO | N14: NO | P14: SÍ | Q14: INDEX | R14: idx_active | T14: Indica si el mensaje está activo (true/false)
A15: created_at | B15: TIMESTAMP | F15: NO | G15: NO | H15: NO | I15: NO | L15: NO | N15: NO | P15: NO | T15: Timestamp de creación del registro
A16: updated_at | B16: TIMESTAMP | F16: NO | G16: NO | H16: NO | I16: NO | L16: NO | N16: NO | P16: NO | T16: Timestamp de la última actualización del registro
