Workbook

Sheet Mapa empatía
A1: Atributos de calidad | B1: Administrador | C1: Piloto | D1: Total | E1: Porcentaje | F1: Total Características | G1: Total votos | H1: Administrador | I1: Piloto
A2: Disponibilidad | B2: 8 | C2: 14 | D2: =B2+C2 -> 22 | E2: =D2/$D$17 -> 0.093220339 | F2: =COUNTA(Disponibilidad!A2:A15) -> 5 | G2: =F17/2+1 -> 28.5 | H2: =Disponibilidad!C7 -> 5 | I2: =Disponibilidad!D7 -> 2
A3: Confiabilidad | B3: 7 | C3: 15 | D3: =B3+C3 -> 22 | E3: =D3/$D$17 -> 0.093220339 | F3: =COUNTA(Confiabilidad!A2:A13) -> 5 | H3: =Confiabilidad!C7 -> 5 | I3: =Confiabilidad!D7 -> 3
A4: Rendimiento | B4: 9 | C4: 12 | D4: =B4+C4 -> 21 | E4: =D4/$D$17 -> 0.088983051 | F4: =COUNTA(Rendimiento!A2:A15) -> 5 | H4: =Rendimiento!C7 -> 4 | I4: =Rendimiento!D7 -> 4
A5: Seguridad | B5: 6 | C5: 13 | D5: =B5+C5 -> 19 | E5: =D5/$D$17 -> 0.080508475 | F5: =COUNTA(Seguridad!A2:A14) -> 6 | H5: =Seguridad!C8 -> 4 | I5: =Seguridad!D8 -> 4 | K5: Nota: Esta votado de 1 a 15 donde a mayor numero tiene un mayor impacto
A6: Escalabilidad | B6: 11 | C6: 7 | D6: =B6+C6 -> 18 | E6: =D6/$D$17 -> 0.076271186 | F6: =COUNTA(Escalabilidad!A2:A15) -> 4 | H6: =Escalabilidad!C6 -> 4 | I6: =Escalabilidad!D6 -> 1
A7: Mantenibilidad | B7: 12 | C7: 5 | D7: =B7+C7 -> 17 | E7: =D7/$D$17 -> 0.072033898 | F7: =COUNTA(#REF!) -> 1 | H7: 0 | I7: 0
A8: Capacidad para ser soportado | B8: 13 | C8: 3 | D8: =B8+C8 -> 16 | E8: =D8/$D$17 -> 0.06779661 | F8: =COUNTA(#REF!) -> 1 | H8: 0 | I8: 0
A9: Capacidad para ser probado | B9: 14 | C9: 2 | D9: =B9+C9 -> 16 | E9: =D9/$D$17 -> 0.06779661 | F9: =COUNTA(#REF!) -> 1 | H9: 0 | I9: 0
A10: Capacidad de ser administrado | B10: 15 | C10: 1 | D10: =B10+C10 -> 16 | E10: =D10/$D$17 -> 0.06779661 | F10: =COUNTA('Capacidad de ser administrado'!A2:A15) -> 5 | H10: ='Capacidad de ser administrado'!C7 -> 5 | I10: ='Capacidad de ser administrado'!D7 -> 1
A11: Interoperabilidad | B11: 10 | C11: 6 | D11: =B11+C11 -> 16 | E11: =D11/$D$17 -> 0.06779661 | F11: =COUNTA(Interoperabilidad!A2:A15) -> 3 | H11: =Interoperabilidad!C5 -> 3 | I11: =Interoperabilidad!D5 -> 1
A12: Accesibilidad | B12: 4 | C12: 10 | D12: =B12+C11 -> 10 | E12: =D12/$D$17 -> 0.042372881 | F12: =COUNTA(Accesibilidad!A2:A13) -> 3 | H12: =Accesibilidad!C5 -> 3 | I12: =Accesibilidad!D5 -> 3
A13: Experiencia de usuario | B13: 3 | C13: 11 | D13: =B13+C13 -> 14 | E13: =D13/$D$17 -> 0.059322034 | F13: =COUNTA('Experiencia de usuario'!A2:A15) -> 10 | H13: ='Experiencia de usuario'!C12 -> 0 | I13: ='Experiencia de usuario'!D12 -> 10
A14: Conformidad | B14: 2 | C14: 9 | D14: =B14+C14 -> 11 | E14: =D14/$D$17 -> 0.046610169 | F14: =COUNTA(Conformidad!A2:A15) -> 4 | H14: =Conformidad!C6 -> 4 | I14: =Conformidad!D6 -> 1
A15: Internacionalización | B15: 1 | C15: 8 | D15: =B15+C15 -> 9 | E15: =D15/$D$17 -> 0.038135593 | F15: =COUNTA(#REF!) -> 1 | H15: 0 | I15: 0
A16: Flexibilidad | B16: 5 | C16: 4 | D16: =B16+C16 -> 9 | E16: =D16/$D$17 -> 0.038135593 | F16: =COUNTA(#REF!) -> 1 | H16: 0 | I16: 0
A17: Total | B17: =SUM(B1:B16) -> 120 | C17: =SUM(C1:C16) -> 120 | D17: =SUM(D1:D16) -> 236 | E17: =SUM(E1:E16) -> 1 | F17: =SUM(F2:F16) -> 55 | H17: =SUM(H2:H16) -> 37 | I17: =SUM(I2:I16) -> 30

Sheet Accesibilidad
A1: Características | B1: Escenarios | C1: Administrador | D1: Piloto | E1: Total
A2: Se requiere que los elementos interactivos tengan un tamaño y espaciado suficiente para evitar errores al ser seleccionados. | B2: Escenarios | C2: 1 | D2: 1 | E2: =C2+D2 -> 2
A3: Se requiere que la aplicación utilice tamaños de texto fijos y legibles, asegurando lectura cómoda sin necesidad de ajustes manuales. | B3: Escenarios | C3: 1 | D3: 1 | E3: =C3+D3 -> 2
A4: Se requiere que los mensajes de error se presenten de forma clara y comprensible, ofreciendo orientación para corregir la acción. | B4: Escenarios | C4: 1 | D4: 1 | E4: =C4+D4 -> 2
C5: =SUM(C2:C4) -> 3 | D5: =SUM(D2:D4) -> 3 | E5: =SUM(C5:D5) -> 6

Sheet Capacidad de ser administrado
A1: Características | B1: Escenarios | C1: Administrador | D1: Piloto | E1: Priorización | G1: NOTA: define que tan fácil es gestionar la aplicación, usualmente a través de una instrumentación suficiente y adecuada que se expone en un sistema de monitoreo para efectos mejoramiento del rendimiento e identificación de errores.
A2: Se requiere que la aplicación cuente con un panel de administración que permita gestionar aerolíneas, rutas aéreas, aeropuertos y modelos de aeronave, activándolos o desactivándolos según las necesidades operativas. | B2: Escenarios | C2: 1 | D2: 0 | E2: =C2+D2 -> 1
A3: Se requiere que la aplicación permita al administrador activar o desactivar recursos operativos (aerolíneas, rutas, aeropuertos, aeronaves) sin necesidad de modificar el código fuente, reflejando los cambios inmediatamente para los pilotos. | B3: Escenarios | C3: 1 | D3: 1 | E3: =C3+D3 -> 2
A4: Se requiere que la aplicación soporte la gestión del catálogo de recursos operativos (aerolíneas, rutas aéreas) con operaciones de activación/desactivación desde la interfaz administrativa. | B4: Escenarios | C4: 1 | D4: 0 | E4: =C4+D4 -> 1
A5: Se requiere que la aplicación permita la administración remota, ya que el panel de administración es accesible desde cualquier navegador web mediante la versión web de Flutter. | B5: Escenarios | C5: 1 | D5: 0 | E5: =C5+D5 -> 1
A6: Se requiere que la API del sistema cuente con documentación Swagger actualizada y accesible, facilitando la comprensión de los endpoints disponibles para la administración. | B6: Escenarios | C6: 1 | D6: 0 | E6: =C6+D6 -> 1
C7: =SUM(C2:C6) -> 5 | D7: =SUM(D2:D6) -> 1 | E7: =SUM(E2:E6) -> 6

Sheet Confiabilidad
A1: Características | B1: Escenarios | C1: Administrador | D1: Piloto | E1: Priorización
A2: Se requiere que los cálculos de horas de vuelo, alertas regulatorias y conteo de aterrizajes sean consistentes y precisos en cada consulta del piloto. | B2: Escenarios | C2: 1 | D2: 1 | E2: =C2+D2 -> 2
A3: Se requiere que la aplicación maneje los errores de comunicación con el backend de manera controlada, mostrando mensajes claros al piloto sin perder datos en proceso. | B3: Escenarios | C3: 1 | D3: 0 | E3: =C3+D3 -> 1
A4: Se requiere que la información de horas de vuelo, logbooks y registros de pilotos esté almacenada de forma persistente en base de datos MySQL, previniendo pérdida de datos. | B4: Escenarios | C4: 1 | D4: 1 | E4: =C4+D4 -> 2
A5: Se requiere que el backend procese las solicitudes concurrentemente mediante goroutines de Go, asegurando que un error en una solicitud no afecte las demás. | B5: Escenarios | C5: 1 | D5: 0 | E5: =C5+D5 -> 1
A6: Se requiere que la aplicación detecte errores en cálculos de horas, alertas o comunicación con Keycloak, y los presente al piloto de manera controlada sin cierres inesperados. | B6: Escenarios | C6: 1 | D6: 1 | E6: =C6+D6 -> 2
C7: =SUM(C2:C6) -> 5 | D7: =SUM(D2:D6) -> 3 | E7: =SUM(E2:E6) -> 8

Sheet Conformidad
A1: Características | B1: Escenarios | C1: Administrador | D1: Piloto | E1: Priorización
A2: Se requiere que la aplicación cumpla con las regulaciones de aviación civil vigentes en materia de registro de horas de vuelo, límites operacionales y documentación de la actividad del piloto. | B2: Escenario | C2: 1 | D2: 1 | E2: =SUM(C2:D2) -> 2
A3: Se requiere que los umbrales(limites) regulatorios (50h/15días, 90h/mes, 270h/trimestre, 1000h/año, 3 aterrizajes/90días) estén definidos como constantes en el código, facilitando su actualización ante cambios normativos. | B3: Escenario | C3: 1 | D3: 0 | E3: =SUM(C3:D3) -> 1
A4: Se requiere que la aplicación proteja los datos de los pilotos mediante autenticación JWT con cookies HttpOnly, cifrado de credenciales delegado a Keycloak, y validación de schemas JSON en cada endpoint. | B4: Escenario | C4: 1 | D4: 0 | E4: =SUM(C4:D4) -> 1
A5: Se requiere que la aplicación presente mensajes claros al piloto sobre el propósito del registro de horas y la importancia de la precisión de los datos ingresados para el cumplimiento regulatorio. | B5: Escenario | C5: 1 | D5: 0 | E5: =SUM(C5:D5) -> 1
C6: =SUM(C2:C5) -> 4 | D6: =SUM(D2:D5) -> 1 | E6: =SUM(E2:E5) -> 5
F7: NOTA: Grado en el que los datos tienen atributos que se adhieren a estándares, convenciones o normativas vigentes y reglas similares referentes a la calidad de datos en un contexto de uso específico.

Sheet Disponibilidad
A1: Característica | B1: Escenarios | C1: Administrador | D1: Piloto | E1: Priorización
A2: Se requiere que la aplicación pueda ejecutarse sin interrupciones durante eventos críticos o de alta demanda. | B2: Escenarios | C2: 1 | D2: 1 | E2: =SUM(C2:D2) -> 2
A3: Se requiere que la base de datos MySQL permita realizar copias de seguridad de la información de vuelos y pilotos sin interrumpir la operación de la aplicación. | B3: Escenarios | C3: 1 | D3: 0 | E3: =SUM(C3:D3) -> 1
A4: Se requiere que la aplicación cuente con endpoints de monitoreo (/health) y métricas (Prometheus) que permitan supervisar el estado del servicio en todo momento. | B4: Escenarios | C4: 1 | D4: 1 | E4: =SUM(C4:D4) -> 2
A5: Se requiere que la aplicación pueda ser restaurada rápidamente en caso de caída, mediante contenedores Docker y scripts de despliegue automatizado. | B5: Escenarios | C5: 1 | D5: 0 | E5: =SUM(C5:D5) -> 1
A6: Se requiere que la aplicación informe al piloto de manera clara cuando el servicio no esté disponible, mostrando mensajes de error descriptivos y permitiendo reintentar la operación. | B6: Escenarios | C6: 1 | D6: 0 | E6: =SUM(C6:D6) -> 1
C7: =SUM(C2:C6) -> 5 | D7: =SUM(D2:D4) -> 2 | E7: =SUM(C7:D7) -> 7
G9: NOTA: Disponibilidad: Capacidad del sistema o componente de estar operativo y accesible para su uso cuando se requiere.

Sheet Escalabilidad
A1: Características | B1: Escenarios | C1: Administrador | D1: Piloto | E1: Priorización
A2: Se requiere que la aplicación pueda ser desplegada en contenedores, permitiendo escalar horizontalmente agregando instancias adicionales según la demanda. | B2: Escenarios | C2: 1 | D2: 0 | E2: =C2+D2 -> 1
A3: Se requiere que la base de datos MySQL soporte el crecimiento del historial de vuelos y pilotos sin degradar los tiempos de consulta de resúmenes y alertas. | B3: Escenarios | C3: 1 | D3: 0 | E3: =C3+D3 -> 1
A4: Se requiere que la aplicación pueda someterse a pruebas que muestren cómo se comporta cuando tiene que atender a muchos usuarios al mismo tiempo, para asegurar que siga funcionando bien. | B4: Escenarios | C4: 1 | D4: 1 | E4: =C4+D4 -> 2
A5: Se requiere que la aplicación gestione adecuadamente múltiples pilotos consultando simultáneamente sus horas de vuelo y alertas, utilizando la concurrencia nativa de Go sin pérdida de datos. | B5: Escenarios | C5: 1 | D5: 0 | E5: =C5+D5 -> 1
C6: =SUM(C2:C5) -> 4 | D6: =SUM(D2:D5) -> 1 | E6: =SUM(E2:E5) -> 5

Sheet Experiencia de usuario
A1: Características | B1: Escenarios | C1: Administrador | D1: Piloto | E1: Priorización | G1: NOTA: se define como el conjunto de factores y elementos relacionados con el proceso de interacción de un usuario respecto a un producto o servicio.
A2: Se requiere que la aplicación mantenga una estética visual coherente con la identidad de la marca, mejorando la percepción de confianza. | B2: Escenarios | C2: 0 | D2: 1 | E2: =SUM(C2:D2) -> 1
A3: Se requiere que la aplicación mantenga una navegación consistente, con menús y controles ubicados de manera predecible. | B3: Escenarios | C3: 0 | D3: 1 | E3: =SUM(C3:D3) -> 1
A4: Se requiere que la aplicación minimice la cantidad de pasos necesarios para realizar las tareas más frecuentes. | B4: Escenarios | C4: 0 | D4: 1 | E4: =SUM(C4:D4) -> 1
A5: Se requiere que la aplicación evite sobrecargar la interfaz con elementos innecesarios que dificulten la interacción. | B5: Escenarios | C5: 0 | D5: 1 | E5: =SUM(C5:D5) -> 1
A6: Se requiere que la aplicación presente textos descriptivos y labels claros en cada sección, guiando al piloto sobre la función de cada elemento de la interfaz. | B6: Escenarios | C6: 0 | D6: 1 | E6: =SUM(C6:D6) -> 1
A7: Se requiere que la aplicación cuente con tiempos de respuesta ágiles, evitando retrasos que generen frustración en la experiencia del usuario. | B7: Escenarios | C7: 0 | D7: 1 | E7: =SUM(C7:D7) -> 1
A8: Se requiere que la aplicación utilice tamaños de fuente legibles, colores de alto contraste y espaciado adecuado para garantizar una buena experiencia visual a todos los pilotos. | B8: Escenarios | C8: 0 | D8: 1 | E8: =SUM(C8:D8) -> 1
A9: Se requiere que la aplicación proporcione retroalimentación inmediata a las acciones del usuario (mensajes de éxito, error o progreso) para mantener claridad en la interacción. | B9: Escenarios | C9: 0 | D9: 1 | E9: =SUM(C9:D9) -> 1
A10: Se requiere que la aplicación mantenga una experiencia visual predecible y consistente en todas sus secciones, utilizando el mismo sistema de diseño (colores, tipografía, iconografía) en cada pantalla. | B10: Escenarios | C10: 0 | D10: 1 | E10: =SUM(C10:D10) -> 1
A11: Se requiere que la aplicación mantenga consistencia entre plataformas y dispositivos, de forma que la experiencia sea homogénea en web, móvil o tablet. | B11: Escenarios | C11: 0 | D11: 1 | E11: =SUM(C11:D11) -> 1
C12: =SUM(C2:C11) -> 0 | D12: =SUM(D2:D11) -> 10 | E12: =SUM(E2:E11) -> 10

Sheet Interoperabilidad
A1: Características | B1: Escenario | C1: Administrador | D1: Piloto | E1: Priorización
A2: Se requiere que la aplicación se integre correctamente con Keycloak como proveedor de identidad (OIDC), asegurando la autenticación, registro, verificación de email y recuperación de contraseña del piloto. | B2: Escenario | C2: 1 | D2: 1 | E2: =SUM(C2:D2) -> 2
A3: Se requiere que la comunicación entre la aplicación y Keycloak utilice tokens JWT seguros y cookies HttpOnly para proteger la información de autenticación intercambiada. | B3: Escenario | C3: 1 | D3: 0 | E3: =SUM(C3:D3) -> 1
A4: Se requiere que la aplicación funcione correctamente en múltiples plataformas (Android, iOS, Web) conectándose al mismo backend Go mediante API REST, independientemente del sistema operativo del dispositivo. | B4: Escenario | C4: 1 | D4: 0 | E4: =SUM(C4:D4) -> 1
C5: =SUM(C2:C4) -> 3 | D5: =SUM(D2:D2) -> 1 | E5: =SUM(C5:D5) -> 4 | H5: NOTA: es la habilidad de que diversos componentes de un sistema diferentes sistemas funcionen correctamente al intercambiar información, comúnmente por medio de servicios. Un sistema interoperable hace fácil intercambiar y usar información interna y externamente.

Sheet Rendimiento
A1: Características | B1: Escenario | C1: Administrador | D1: Piloto | E1: Priorización
A2: Se requiere que la aplicación haga un uso eficiente de los recursos del servidor, utilizando Go con Gin framework y pool de conexiones MySQL para minimizar el consumo de memoria y CPU. | B2: Escenario | C2: 1 | D2: 1 | E2: =SUM(C2:D2) -> 2
A3: Se requiere que la aplicación maneje eficientemente el historial de vuelos del piloto, manteniendo tiempos de respuesta estables a medida que crece el número de registros. | B3: Escenario | C3: 0 | D3: 1 | E3: =SUM(C3:D3) -> 1
A4: Se requiere que la respuesta de la aplicación ante una solicitud del usuario no supere los 2 segundos en condiciones operativas normales, garantizando una experiencia fluida y ágil. | B4: Escenario | C4: 1 | D4: 1 | E4: =SUM(C4:D4) -> 2
A5: Se requiere que las consultas de resumen de horas de vuelo, alertas regulatorias y logbooks estén optimizadas con agregación SQL para reducir tiempos de espera. | B5: Escenario | C5: 1 | D5: 1 | E5: =SUM(C5:D5) -> 2 | G5: NOTA: es un indicador de la capacidad de respuesta del sistema para ejecutar una acción dentro de un intervalo de tiempo dado. Puede ser medida en términos de latencia o de respuesta.
A6: Se requiere que las métricas de rendimiento del servidor sean recolectadas mediante Prometheus sin afectar la experiencia del usuario con la aplicación. | B6: Escenario | C6: 1 | D6: 0 | E6: =SUM(C6:D6) -> 1
C7: =SUM(C2:C6) -> 4 | D7: =SUM(D2:D6) -> 4 | E7: =SUM(E2:E6) -> 8

Sheet Seguridad
A1: Característica | B1: Escenarios | C1: Administrador | D1: Piloto | E1: Priorización
A2: Se requiere que los usuarios puedan autenticarse mediante un nombre de usuario y una contraseña válidos, permitiendo el acceso a la aplicación solo a personas autorizadas. | B2: Escenarios | C2: 1 | D2: 1 | E2: =SUM(C2:D2) -> 2
A3: Se requiere que la aplicación permita el registro de nuevos pilotos con validación de correo electrónico (verificación por email via Keycloak) antes de activar la cuenta. | B3: Escenarios | C3: 0 | D3: 1 | E3: =SUM(C3:D3) -> 1
A4: Se requiere que los usuarios tengan la posibilidad de recuperar su contraseña, ya sea respondiendo preguntas de seguridad previamente configuradas o mediante un enlace enviado al correo electrónico registrado, garantizando la protección frente a accesos indebidos. | B4: Escenarios | C4: 0 | D4: 1 | E4: =SUM(C4:D4) -> 1
A5: Se requiere que las credenciales de los pilotos sean gestionadas por Keycloak con cifrado seguro, y que los tokens de sesión se transporten como cookies HttpOnly para evitar exposición. | B5: Escenarios | C5: 1 | D5: 0 | E5: =SUM(C5:D5) -> 1
A6: Se requiere que la aplicación implemente control de acceso basado en roles (RBAC), donde solo los administradores puedan gestionar aerolíneas, rutas y aeronaves, y los pilotos accedan únicamente a sus datos de vuelo. | B6: Escenarios | C6: 1 | D6: 0 | E6: =SUM(C6:D6) -> 1
A7: Se requiere que la aplicación cierre automáticamente la sesión del usuario tras un período determinado de inactividad, con el fin de evitar accesos no autorizados por descuido o abandono de sesión. | B7: Escenarios | C7: 1 | D7: 1 | E7: =SUM(C7:D7) -> 2
C8: =SUM(C2:C7) -> 4 | D8: =SUM(D2:D7) -> 4 | E8: =SUM(E2:E7) -> 8

Sheet ESC-CAL-ACCESIBILIDAD
A1: Accesibilidad
A3: Atributo de calidad: | D3: =$A$1 -> Accesibilidad
A4: Característica: | D4: =Accesibilidad!A2 -> Se requiere que los elementos interactivos tengan un tamaño y espaciado suficiente para evitar errores al ser seleccionados.
A5: Identificador del escenario de calidad: | D5: ESC-CAL-ACC-0001
A6: Nombre del escenario de calidad: | D6: Legibilidad de textos y datos en la aplicación
A7: Tipo escenario: | D7: Básico
A8: Objetivo | D8: Verificar que los textos y datos numéricos de la aplicación son legibles sin esfuerzo.
A9: Descripción: | D9: El piloto utiliza la app y todos los textos (etiquetas, horas, alertas, nombres de rutas) se muestran con tamaño de fuente adecuado y contraste suficiente.
A10: Criterio de éxito: | D10: Los textos principales tienen tamaño mínimo de 13px. El contraste de color cumple con ratio mínimo 4.5:1.
A11: Fuente del estímulo | C11: Estímulo | E11: Ambiente | G11: Artefacto | I11: Respuesta | K11: Medida de la respuesta | M11: ¿Cumplió? | N11: Tácticas y estrategia
A12: Piloto que utiliza la aplicación en condiciones normales. | C12: El piloto navega por las principales pantallas de la app (login, dashboard, alertas, logbook). | E12: Operación normal | G12: Aplicación móvil/web | I12: Todos los textos son legibles sin necesidad de zoom o ajustes manuales. | K12: Fuente mínima: 13px para texto normal, 22px para títulos. Contraste ≥ 4.5:1 entre texto y fondo. | N12: Flutter TextStyle con tamaños definidos: títulos 22px bold, body 13-16px, labels 12px. Colores de alto contraste: texto #1a1a2e sobre fondo #F5F8FF. AppPageHeader (core/widgets/app_page_header.dart) con color #1a1a2e para títulos.
A14: Atributo de calidad: | D14: =$A$1 -> Accesibilidad
A15: Característica: | D15: =Accesibilidad!A3 -> Se requiere que la aplicación utilice tamaños de texto fijos y legibles, asegurando lectura cómoda sin necesidad de ajustes manuales.
A16: Identificador del escenario de calidad: | D16: ESC-CAL-ACC-0002
A17: Nombre del escenario de calidad: | D17: Interfaz funcional en diferentes tamaños de pantalla
A18: Tipo escenario: | D18: Alternativo
A19: Objetivo | D19: Verificar que la interfaz se adapta correctamente a pantallas de diferentes tamaños (móvil, tablet, desktop).
A20: Descripción: | D20: El piloto accede a la app desde un dispositivo móvil y desde un navegador web. La disposición de elementos se adapta al tamaño de pantalla sin pérdida de funcionalidad.
A21: Criterio de éxito: | D21: En móvil los elementos se apilan verticalmente. En desktop se distribuyen en filas. Ningún botón o dato queda cortado.
A22: Fuente del estímulo | C22: Estímulo | E22: Ambiente | G22: Artefacto | I22: Respuesta | K22: Medida de la respuesta | M22: ¿Cumplió? | N22: Tácticas y estrategia
A23: Piloto que accede desde diferentes dispositivos. | C23: El piloto abre la pantalla de alertas en un teléfono móvil y luego en un navegador de escritorio. | E23: Operación normal | G23: Aplicación móvil/web | I23: En móvil: layout vertical (Column). En desktop: layout horizontal (Row) con tarjetas lado a lado. | K23: Responsive correcto en ancho ≤600px (móvil) y ≥1024px (desktop). Sin overflow visual ni elementos cortados. | N23: ResponsiveBreakpoints.isDesktop(constraints.maxWidth) en LayoutBuilder (core/responsive/responsive_breakpoints.dart). ResponsivePadding.page() adaptativo (core/responsive/responsive_padding.dart). Flutter cross-platform: un solo codebase para Android, iOS y Web.
A25: Atributo de calidad: | D25: =$A$1 -> Accesibilidad
A26: Característica: | D26: =Accesibilidad!A3 -> Se requiere que la aplicación utilice tamaños de texto fijos y legibles, asegurando lectura cómoda sin necesidad de ajustes manuales.
A27: Identificador del escenario de calidad: | D27: ESC-CAL-ACC-0003
A28: Nombre del escenario de calidad: | D28: Lectura clara de información en pantallas principales
A29: Tipo escenario: | D29: Básico
A30: Objetivo | D30: Verificar que todos los textos de la aplicación se muestran con tamaños fijos y legibles para el usuario.
A31: Descripción: | D31: El piloto accede a las principales pantallas de la aplicación (dashboard, alertas y logbook) y puede leer toda la información sin necesidad de acercar la pantalla o ajustar el tamaño del texto.
A32: Criterio de éxito: | D32: Los textos tienen tamaños definidos y consistentes en toda la aplicación, permitiendo una lectura clara.
A33: Fuente del estímulo | C33: Estímulo | E33: Ambiente | G33: Artefacto | I33: Respuesta | K33: Medida de la respuesta | M33: ¿Cumplió? | N33: Tácticas y estrategia
A34: Piloto que utiliza la aplicación en condiciones normales | C34: El piloto navega por diferentes pantallas de la aplicación | E34: Operación normal | G34: Aplicación móvil/web | I34: La aplicación muestra todos los textos con tamaños definidos y legibles | K34: Texto principal mínimo 14px, títulos mínimo 22px, sin necesidad de zoom | N34: Uso de estilos globales en Flutter con TextStyle definidos para títulos, subtítulos y contenido
A36: Atributo de calidad: | D36: =$A$1 -> Accesibilidad
A37: Característica: | D37: =Accesibilidad!A3 -> Se requiere que la aplicación utilice tamaños de texto fijos y legibles, asegurando lectura cómoda sin necesidad de ajustes manuales.
A38: Identificador del escenario de calidad: | D38: ESC-CAL-ACC-0004
A39: Nombre del escenario de calidad: | D39: Consistencia en tamaños de texto en toda la aplicación
A40: Tipo escenario: | D40: Alternativo
A41: Objetivo | D41: Verificar que el tamaño del texto se mantiene consistente en todas las secciones de la aplicación.
A42: Descripción: | D42: El piloto accede a diferentes módulos de la aplicación (perfil, alertas, historial de vuelo) y observa que el tamaño del texto mantiene un formato consistente.
A43: Criterio de éxito: | D43: No existen variaciones de tamaño inesperadas en textos que cumplen la misma función.
A44: Fuente del estímulo | C44: Estímulo | E44: Ambiente | G44: Artefacto | I44: Respuesta | K44: Medida de la respuesta | M44: ¿Cumplió? | N44: Tácticas y estrategia
A45: Piloto que utiliza la aplicación | C45: El piloto revisa diferentes secciones de la aplicación | E45: Operación normal | G45: Aplicación móvil/web | I45: Los textos mantienen tamaños consistentes en todas las pantallas | K45: Variación máxima permitida ±2px para textos del mismo tipo | N45: Implementación de estilos reutilizables en Flutter y uso de tema global de tipografía
A47: Atributo de calidad: | D47: =$A$1 -> Accesibilidad
A48: Característica: | D48: =Accesibilidad!A4 -> Se requiere que los mensajes de error se presenten de forma clara y comprensible, ofreciendo orientación para corregir la acción.
A49: Identificador del escenario de calidad: | D49: ESC-CAL-ACC-0005
A50: Nombre del escenario de calidad: | D50: Visualización clara de mensajes de error
A51: Tipo escenario: | D51: Básico
A52: Objetivo | D52: Verificar que los mensajes de error informan claramente al usuario sobre el problema ocurrido.
A53: Descripción: | D53: El piloto intenta iniciar sesión ingresando credenciales incorrectas y la aplicación muestra un mensaje que explica el error de forma clara.
A54: Criterio de éxito: | D54: El usuario entiende el error y sabe qué acción debe realizar para corregirlo.
A55: Fuente del estímulo | C55: Estímulo | E55: Ambiente | G55: Artefacto | I55: Respuesta | K55: Medida de la respuesta | M55: ¿Cumplió? | N55: Tácticas y estrategia
A56: Piloto que usa la aplicación | C56: El piloto introduce credenciales incorrectas en el inicio de sesión | E56: Operación normal | G56: Aplicación móvil/web | I56: El sistema muestra un mensaje de error claro indicando el problema | K56: Mensaje visible en menos de 1 segundo con explicación comprensible | N56: Uso de componentes de alerta en la interfaz con mensajes descriptivos
A58: Atributo de calidad: | D58: =$A$1 -> Accesibilidad
A59: Característica: | D59: =Accesibilidad!A4 -> Se requiere que los mensajes de error se presenten de forma clara y comprensible, ofreciendo orientación para corregir la acción.
A60: Identificador del escenario de calidad: | D60: ESC-CAL-ACC-0006
A61: Nombre del escenario de calidad: | D61: Orientación al usuario para corregir errores
A62: Tipo escenario: | D62: Alternativo
A63: Objetivo | D63: Verificar que los mensajes de error proporcionan orientación para que el usuario pueda corregir la acción.
A64: Descripción: | D64: El piloto intenta registrar un dato obligatorio vacío en un formulario y la aplicación muestra un mensaje indicando qué campo debe completarse.
A65: Criterio de éxito: | D65: El mensaje identifica el campo con error y explica cómo corregirlo.
A66: Fuente del estímulo | C66: Estímulo | E66: Ambiente | G66: Artefacto | I66: Respuesta | K66: Medida de la respuesta | M66: ¿Cumplió? | N66: Tácticas y estrategia
A67: Piloto que utiliza la aplicación | C67: El piloto intenta enviar un formulario con campos obligatorios vacíos | E67: Operación normal | G67: Aplicación móvil/web | I67: La aplicación muestra un mensaje indicando el campo que debe corregirse | K67: Mensaje visible junto al campo con error y resaltado visual | N67: Validación de formularios en Flutter y uso de mensajes de ayuda debajo de los campos

Sheet ESC-CAL-CAPADMINISTRADO
A1: Capacidad de ser administrado
A3: Atributo de calidad: | D3: =$A$1 -> Capacidad de ser administrado
A4: Característica: | D4: ='Capacidad de ser administrado'!A3 -> Se requiere que la aplicación permita al administrador activar o desactivar recursos operativos (aerolíneas, rutas, aeropuertos, aeronaves) sin necesidad de modificar el código fuente, reflejando los cambios inmediatamente para los pilotos.
A5: Identificador del escenario de calidad: | D5: ESC-CAL-CADMI-0001
A6: Nombre del escenario de calidad: | D6: Gestión de aerolíneas, rutas y aeronaves desde la aplicación
A7: Tipo escenario: | D7: Básico
A8: Objetivo | D8: Verificar que el administrador puede gestionar (activar/desactivar) aerolíneas, rutas aéreas y modelos de aeronave directamente desde la aplicación.
A9: Descripción: | D9: El administrador accede a la app con rol 'admin' y gestiona los recursos del sistema: activa o desactiva aerolíneas, rutas aéreas, aeropuertos y modelos de aeronave disponibles para los pilotos.
A10: Criterio de éxito: | D10: El administrador puede activar y desactivar cada recurso. Los cambios se reflejan inmediatamente para los pilotos.
A11: Fuente del estímulo | C11: Estímulo | E11: Ambiente | G11: Artefacto | I11: Respuesta | K11: Medida de la respuesta | M11: ¿Cumplió? | N11: Tácticas y estrategia
A12: Administrador con rol 'admin' autenticado en la aplicación. | C12: El administrador activa o desactiva una aerolínea, ruta aérea, aeropuerto o modelo de aeronave. | E12: Operación normal | G12: Sistema (API + Frontend admin) | I12: El recurso cambia de estado (activo/inactivo). Los pilotos solo ven los recursos activos en sus listados. | K12: Cambio de estado confirmado con respuesta 200. Recurso actualizado visible en la app del piloto en menos de 5 segundos. | N12: Endpoints RBAC protegidos con middleware RequireRole('admin'): PATCH /airlines/:id/activate, /airlines/:id/deactivate, /airline-routes/:id/activate, /airports/:id/activate, /aircraft-models/:id/activate. Base de datos MySQL con campo 'status' booleano. AdminHomePage (admin_home_page.dart) como panel central.
A14: Atributo de calidad: | D14: =$A$1 -> Capacidad de ser administrado
A15: Característica: | D15: ='Capacidad de ser administrado'!A3 -> Se requiere que la aplicación permita al administrador activar o desactivar recursos operativos (aerolíneas, rutas, aeropuertos, aeronaves) sin necesidad de modificar el código fuente, reflejando los cambios inmediatamente para los pilotos.
A16: Identificador del escenario de calidad: | D16: ESC-CAL-CADMI-0002
A17: Nombre del escenario de calidad: | D17: Restricción de acceso administrativo por roles
A18: Tipo escenario: | D18: Alternativo
A19: Objetivo | D19: Verificar que un usuario con rol 'pilot' no puede acceder a las funcionalidades de administración.
A20: Descripción: | D20: Un piloto autenticado intenta acceder a los endpoints de administración (activar/desactivar aerolíneas, rutas, etc.). El sistema debe rechazar la solicitud por permisos insuficientes.
A21: Criterio de éxito: | D21: El sistema rechaza la solicitud con error 403 Forbidden. Ninguna acción administrativa se ejecuta.
A22: Fuente del estímulo | C22: Estímulo | E22: Ambiente | G22: Artefacto | I22: Respuesta | K22: Medida de la respuesta | M22: ¿Cumplió? | N22: Tácticas y estrategia
A23: Piloto autenticado que intenta acceder a funciones administrativas. | C23: El piloto envía una solicitud al endpoint PATCH /airlines/:id/activate. | E23: Operación normal | G23: Sistema (API Backend) | I23: El middleware RequireRole('admin') rechaza la solicitud con estado 403 y un mensaje de error claro. | K23: Respuesta HTTP 403 Forbidden. Mensaje de error descriptivo. Ningún recurso modificado en la base de datos. | N23: Middleware RequireRole('admin') en Gin que verifica el claim 'role' del JWT (middleware/jwt_middleware.go). Separación explícita de rutas: grupo 'pilot' vs grupo 'admin' en server.go. Validación en capa de middleware antes de llegar al handler.
A25: Atributo de calidad: | D25: =$A$1 -> Capacidad de ser administrado
A26: Característica: | D26: ='Capacidad de ser administrado'!A3 -> Se requiere que la aplicación permita al administrador activar o desactivar recursos operativos (aerolíneas, rutas, aeropuertos, aeronaves) sin necesidad de modificar el código fuente, reflejando los cambios inmediatamente para los pilotos.
A27: Identificador del escenario de calidad: | D27: ESC-CAL-CADMI-0003
A28: Nombre del escenario de calidad: | D28: Gestión dinámica de recursos sin intervención de desarrollo
A29: Tipo escenario: | D29: Básico
A30: Objetivo | D30: Verificar que los recursos operativos puedan modificarse desde el panel administrativo sin cambios en el código.
A31: Descripción: | D31: El administrador modifica el estado de una ruta aérea desde la interfaz administrativa sin necesidad de realizar despliegues o cambios en el código del sistema.
A32: Criterio de éxito: | D32: Los cambios se aplican directamente desde la interfaz administrativa.
A33: Fuente del estímulo | C33: Estímulo | E33: Ambiente | G33: Artefacto | I33: Respuesta | K33: Medida de la respuesta | M33: ¿Cumplió? | N33: Tácticas y estrategia
A34: Administrador del sistema | C34: Cambia el estado de una ruta aérea desde el panel administrativo | E34: Operación normal | G34: Sistema | I34: El sistema actualiza el recurso sin modificar el código del sistema | K34: Cambios visibles inmediatamente después de guardar | N34: Arquitectura basada en base de datos configurable
A36: Atributo de calidad: | D36: =$A$1 -> Capacidad de ser administrado
A37: Característica: | D37: ='Capacidad de ser administrado'!A3 -> Se requiere que la aplicación permita al administrador activar o desactivar recursos operativos (aerolíneas, rutas, aeropuertos, aeronaves) sin necesidad de modificar el código fuente, reflejando los cambios inmediatamente para los pilotos.
A38: Identificador del escenario de calidad: | D38: ESC-CAL-CADMI-0004
A39: Nombre del escenario de calidad: | D39: Gestión dinámica de recursos sin intervención de desarrollo
A40: Tipo escenario: | D40: Alternativo
A41: Objetivo | D41: Verificar que los recursos operativos puedan modificarse desde el panel administrativo sin cambios en el código.
A42: Descripción: | D42: El administrador modifica el estado de una ruta aérea desde la interfaz administrativa sin necesidad de realizar despliegues o cambios en el código del sistema.
A43: Criterio de éxito: | D43: Los cambios se aplican directamente desde la interfaz administrativa.
A44: Fuente del estímulo | C44: Estímulo | E44: Ambiente | G44: Artefacto | I44: Respuesta | K44: Medida de la respuesta | M44: ¿Cumplió? | N44: Tácticas y estrategia
A45: Administrador | C45: Cambia el estado de una ruta aérea desde el panel administrativo | E45: Operación normal | G45: Sistema | I45: El sistema actualiza el recurso sin modificar el código del sistema | K45: Cambios visibles inmediatamente después de guardar | N45: Arquitectura basada en base de datos configurable
A48: Atributo de calidad: | D48: =$A$1 -> Capacidad de ser administrado
A49: Característica: | D49: ='Capacidad de ser administrado'!A4 -> Se requiere que la aplicación soporte la gestión del catálogo de recursos operativos (aerolíneas, rutas aéreas) con operaciones de activación/desactivación desde la interfaz administrativa.
A50: Identificador del escenario de calidad: | D50: ESC-CAL-CADMI-0005
A51: Nombre del escenario de calidad: | D51: Administración del catálogo de recursos operativos
A52: Tipo escenario: | D52: Básico
A53: Objetivo | D53: Verificar que el catálogo de recursos operativos pueda ser gestionado desde la interfaz administrativa.
A54: Descripción: | D54: El administrador accede al módulo de catálogo y activa o desactiva rutas aéreas disponibles en el sistema.
A55: Criterio de éxito: | D55: Las modificaciones se reflejan correctamente en el catálogo del sistema.
A56: Fuente del estímulo | C56: Estímulo | E56: Ambiente | G56: Artefacto | I56: Respuesta | K56: Medida de la respuesta | M56: ¿Cumplió? | N56: Tácticas y estrategia
A57: Administrador del sistema | C57: Gestiona el catálogo de rutas aéreas | E57: Operación normal | G57: Sistema | I57: El sistema actualiza el catálogo de recursos | K57: Actualización guardada en base de datos | N57: CRUD administrativo mediante API REST
A59: Atributo de calidad: | D59: =$A$1 -> Capacidad de ser administrado
A60: Característica: | D60: ='Capacidad de ser administrado'!A4 -> Se requiere que la aplicación soporte la gestión del catálogo de recursos operativos (aerolíneas, rutas aéreas) con operaciones de activación/desactivación desde la interfaz administrativa.
A61: Identificador del escenario de calidad: | D61: ESC-CAL-CADMI-0006
A62: Nombre del escenario de calidad: | D62: Edición de recursos operativos desde el panel administrativo
A63: Tipo escenario: | D63: Alternativo
A64: Objetivo | D64: Verificar que el administrador pueda modificar información de los recursos operativos desde el panel administrativo.
A65: Descripción: | D65: El administrador accede al panel de administración y edita la información de una aerolínea o modelo de aeronave registrado en el sistema.
A66: Criterio de éxito: | D66: Los cambios realizados se guardan correctamente y se reflejan en el sistema.
A67: Fuente del estímulo | C67: Estímulo | E67: Ambiente | G67: Artefacto | I67: Respuesta | K67: Medida de la respuesta | M67: ¿Cumplió? | N67: Tácticas y estrategia
A68: Administrador | C68: Modifica la información de un recurso operativo desde el panel administrativo | E68: Operación normal | G68: Sistema | I68: El sistema actualiza los datos del recurso seleccionado | K68: Cambios guardados en base de datos y visibles en menos de 2 segundos | N68: Uso de formularios administrativos conectados a API REST
A70: Atributo de calidad: | D70: =$A$1 -> Capacidad de ser administrado
A71: Característica: | D71: ='Capacidad de ser administrado'!A5 -> Se requiere que la aplicación permita la administración remota, ya que el panel de administración es accesible desde cualquier navegador web mediante la versión web de Flutter.
A72: Identificador del escenario de calidad: | D72: ESC-CAL-CADMI-0007
A73: Nombre del escenario de calidad: | D73: Acceso remoto al panel de administración
A74: Tipo escenario: | D74: Básico
A75: Objetivo | D75: Verificar que el panel de administración pueda ser utilizado desde cualquier navegador web.
A76: Descripción: | D76: El administrador accede al panel administrativo desde un navegador web en un dispositivo diferente al del servidor.
A77: Criterio de éxito: | D77: El sistema permite gestionar recursos desde cualquier ubicación con acceso a internet.
A78: Fuente del estímulo | C78: Estímulo | E78: Ambiente | G78: Artefacto | I78: Respuesta | K78: Medida de la respuesta | M78: ¿Cumplió? | N78: Tácticas y estrategia
A79: Administrador del sistema | C79: Accede al panel administrativo desde un navegador web | E79: Operación normal | G79: Sistema | I79: El sistema permite la gestión completa desde el navegador | K79: Acceso exitoso desde navegadores modernos | N79: Uso de Flutter Web para panel administrativo
A81: Atributo de calidad: | D81: =$A$1 -> Capacidad de ser administrado
A82: Característica: | D82: ='Capacidad de ser administrado'!A5 -> Se requiere que la aplicación permita la administración remota, ya que el panel de administración es accesible desde cualquier navegador web mediante la versión web de Flutter.
A83: Identificador del escenario de calidad: | D83: ESC-CAL-CADMI-0008
A84: Nombre del escenario de calidad: | D84: Acceso administrativo desde diferentes dispositivos
A85: Tipo escenario: | D85: Alternativo
A86: Objetivo | D86: Verificar que el panel de administración funcione correctamente desde diferentes dispositivos.
A87: Descripción: | D87: El administrador accede al panel administrativo desde un computador portátil y posteriormente desde una tablet usando un navegador web.
A88: Criterio de éxito: | D88: La interfaz administrativa funciona correctamente sin pérdida de funcionalidad.
A89: Fuente del estímulo | C89: Estímulo | E89: Ambiente | G89: Artefacto | I89: Respuesta | K89: Medida de la respuesta | M89: ¿Cumplió? | N89: Tácticas y estrategia
A90: Administrador | C90: Accede al panel administrativo desde diferentes dispositivos | E90: Operación normal | G90: Sistema | I90: El sistema permite la administración completa desde cualquier dispositivo | K90: Interfaz funcional en navegadores modernos | N90: Uso de Flutter Web responsive
A92: Atributo de calidad: | D92: =$A$1 -> Capacidad de ser administrado
A93: Característica: | D93: ='Capacidad de ser administrado'!A6 -> Se requiere que la API del sistema cuente con documentación Swagger actualizada y accesible, facilitando la comprensión de los endpoints disponibles para la administración.
A94: Identificador del escenario de calidad: | D94: ESC-CAL-CADMI-0009
A95: Nombre del escenario de calidad: | D95: Acceso a documentación de API para administración
A96: Tipo escenario: | D96: Básico
A97: Objetivo | D97: Verificar que la documentación de la API esté disponible y actualizada.
A98: Descripción: | D98: El administrador o desarrollador accede a la documentación Swagger para consultar los endpoints disponibles.
A99: Criterio de éxito: | D99: La documentación describe correctamente los endpoints y parámetros disponibles.
A100: Fuente del estímulo | C100: Estímulo | E100: Ambiente | G100: Artefacto | I100: Respuesta | K100: Medida de la respuesta | M100: ¿Cumplió? | N100: Tácticas y estrategia
A101: Administrador del sistema | C101: Accede a la documentación de la API | E101: Operación normal | G101: Sistema | I101: El sistema muestra la documentación completa de los endpoints | K101: Documentación accesible vía navegador | N101: Uso de Swagger/OpenAPI para documentar endpoints
A103: Atributo de calidad: | D103: =$A$1 -> Capacidad de ser administrado
A104: Característica: | D104: ='Capacidad de ser administrado'!A6 -> Se requiere que la API del sistema cuente con documentación Swagger actualizada y accesible, facilitando la comprensión de los endpoints disponibles para la administración.
A105: Identificador del escenario de calidad: | D105: ESC-CAL-CADMI-00010
A106: Nombre del escenario de calidad: | D106: Consulta interactiva de endpoints de administración
A107: Tipo escenario: | D107: Alternativo
A108: Objetivo | D108: Verificar que la documentación Swagger permita probar los endpoints disponibles.
A109: Descripción: | D109: El administrador accede a la documentación Swagger y utiliza la interfaz para probar un endpoint de consulta de aerolíneas.
A110: Criterio de éxito: | D110: El endpoint responde correctamente mostrando los datos solicitados.
A111: Fuente del estímulo | C111: Estímulo | E111: Ambiente | G111: Artefacto | I111: Respuesta | K111: Medida de la respuesta | M111: ¿Cumplió? | N111: Tácticas y estrategia
...

Sheet ESC-CAL-CONFIABILIDAD
A1: Confiabilidad
A3: Atributo de calidad: | D3: =$A$1 -> Confiabilidad
A4: Característica: | D4: =Confiabilidad!A2 -> Se requiere que los cálculos de horas de vuelo, alertas regulatorias y conteo de aterrizajes sean consistentes y precisos en cada consulta del piloto.
A5: Identificador del escenario de calidad: | D5: ESC-CAL-CONF-0001
A6: Nombre del escenario de calidad: | D6: Cálculo correcto de horas de vuelo acumuladas
A7: Tipo escenario: | D7: Básico
A8: Objetivo | D8: Verificar que el sistema calcula correctamente las horas de vuelo totales y por rol del piloto (PF, PM, PFTO, PFL).
A9: Descripción: | D9: El piloto registra varios vuelos con diferentes roles y luego consulta el resumen de horas. El sistema debe sumar correctamente los minutos por rol y mostrar el total.
A10: Criterio de éxito: | D10: El total de horas mostrado coincide con la suma manual de los vuelos registrados. Los subtotales por rol son exactos.
A11: Fuente del estímulo | C11: Estímulo | E11: Ambiente | G11: Artefacto | I11: Respuesta | K11: Medida de la respuesta | M11: ¿Cumplió? | N11: Tácticas y estrategia
A12: Piloto que utiliza la aplicación | C12: El piloto navega a la sección de Flight Hours Summary y selecciona un período (mensual, trimestral, anual). | E12: Operación normal | G12: Sistema (API + Frontend) | I12: El sistema muestra el total de horas y el desglose por rol PF, PM, PFTO, PFL correctamente calculados. | K12: Los totales coinciden al 100% con la suma manual. Formato HH:MM consistente. | N12: Cálculo en backend con FormatMinutesToHHMM (flight_hours_summary.go). Agregación por PilotRoleBreakdown discriminando pilot_role. Frontend muestra valores con _buildStatCardsGrid (alerts_page.dart). Estado FlightHoursSummarySuccess porta los datos calculados.
A14: Atributo de calidad: | D14: =$A$1 -> Confiabilidad
A15: Característica: | D15: =Confiabilidad!A2 -> Se requiere que los cálculos de horas de vuelo, alertas regulatorias y conteo de aterrizajes sean consistentes y precisos en cada consulta del piloto.
A16: Identificador del escenario de calidad: | D16: ESC-CAL-CONF-0002
A17: Nombre del escenario de calidad: | D17: Consistencia en alertas regulatorias
A18: Tipo escenario: | D18: Alternativo
A19: Objetivo | D19: Verificar que las alertas regulatorias se generen correctamente según las horas registradas.
A20: Descripción: | D20: El piloto alcanza el límite de horas de vuelo permitido por regulación y el sistema genera una alerta automática.
A21: Criterio de éxito: | D21: La alerta aparece inmediatamente después de superar el límite configurado.
A22: Fuente del estímulo | C22: Estímulo | E22: Ambiente | G22: Artefacto | I22: Respuesta | K22: Medida de la respuesta | M22: ¿Cumplió? | N22: Tácticas y estrategia
A23: Piloto que registra un nuevo vuelo | C23: El sistema recalcula las horas acumuladas | E23: Operación normal | G23: Sistema | I23: Se genera una alerta regulatoria correspondiente | K23: Alerta generada inmediatamente después del cálculo | N23: Validaciones automáticas en backend
A25: Atributo de calidad: | D25: =$A$1 -> Confiabilidad
A26: Característica: | D26: =Confiabilidad!A3 -> Se requiere que la aplicación maneje los errores de comunicación con el backend de manera controlada, mostrando mensajes claros al piloto sin perder datos en proceso.
A27: Identificador del escenario de calidad: | D27: ESC-CAL-CONF-0003
A28: Nombre del escenario de calidad: | D28: Manejo de fallos de comunicación con backend
A29: Tipo escenario: | D29: Básico
A30: Objetivo | D30: Verificar que la aplicación maneje adecuadamente errores de comunicación con el servidor.
A31: Descripción: | D31: El piloto intenta consultar su logbook mientras ocurre un problema de conexión con el backend.
A32: Criterio de éxito: | D32: La aplicación muestra un mensaje claro sin cerrarse inesperadamente.
A33: Fuente del estímulo | C33: Estímulo | E33: Ambiente | G33: Artefacto | I33: Respuesta | K33: Medida de la respuesta | M33: ¿Cumplió? | N33: Tácticas y estrategia
A34: Piloto | C34: Solicita información del logbook | E34: Operación normal | G34: Sistema | I34: La aplicación muestra mensaje de error controlado | K34: Mensaje visible en menos de 2 segundos | N34: Manejo de errores HTTP en cliente
A36: Atributo de calidad: | D36: =$A$1 -> Confiabilidad
A37: Característica: | D37: =Confiabilidad!A3 -> Se requiere que la aplicación maneje los errores de comunicación con el backend de manera controlada, mostrando mensajes claros al piloto sin perder datos en proceso.
A38: Identificador del escenario de calidad: | D38: ESC-CAL-CONF-0004
A39: Nombre del escenario de calidad: | D39: Protección de datos durante fallos de comunicación
A40: Tipo escenario: | D40: Alternativo
A41: Objetivo | D41: Verificar que los datos en proceso no se pierdan durante fallos de comunicación.
A42: Descripción: | D42: El piloto está registrando un vuelo cuando se pierde la conexión con el backend.
A43: Criterio de éxito: | D43: Los datos ingresados permanecen almacenados hasta que la conexión se restablezca.
A44: Fuente del estímulo | C44: Estímulo | E44: Ambiente | G44: Artefacto | I44: Respuesta | K44: Medida de la respuesta | M44: ¿Cumplió? | N44: Tácticas y estrategia
A45: Piloto | C45: Registra información de vuelo | E45: Fallo de conexión | G45: Sistema | I45: Los datos permanecen en memoria o almacenamiento temporal | K45: Datos recuperados después de reconexión | N45: Uso de almacenamiento temporal local
A47: Atributo de calidad: | D47: =$A$1 -> Confiabilidad
A48: Característica: | D48: =Confiabilidad!A4 -> Se requiere que la información de horas de vuelo, logbooks y registros de pilotos esté almacenada de forma persistente en base de datos MySQL, previniendo pérdida de datos.
A49: Identificador del escenario de calidad: | D49: ESC-CAL-CONF-0005
A50: Nombre del escenario de calidad: | D50: Manejo de fallos de comunicación con backend
A51: Tipo escenario: | D51: Básico
A52: Objetivo | D52: Verificar que los registros de vuelo se almacenen correctamente.
A53: Descripción: | D53: El piloto registra un vuelo y el sistema guarda la información en la base de datos.
A54: Criterio de éxito: | D54: Los datos permanecen almacenados después de cerrar sesión.
A55: Fuente del estímulo | C55: Estímulo | E55: Ambiente | G55: Artefacto | I55: Respuesta | K55: Medida de la respuesta | M55: ¿Cumplió? | N55: Tácticas y estrategia
A56: Piloto | C56: Registra un nuevo vuelo | E56: Operación normal | G56: Sistema | I56: El sistema guarda los datos correctamente | K56: Registro disponible en futuras consultas | N56: Persistencia mediante MySQL
A58: Atributo de calidad: | D58: =$A$1 -> Confiabilidad
A59: Característica: | D59: =Confiabilidad!A4 -> Se requiere que la información de horas de vuelo, logbooks y registros de pilotos esté almacenada de forma persistente en base de datos MySQL, previniendo pérdida de datos.
A60: Identificador del escenario de calidad: | D60: ESC-CAL-CONF-0006
A61: Nombre del escenario de calidad: | D61: Recuperación confiable de registros almacenados
A62: Tipo escenario: | D62: Alternativo
A63: Objetivo | D63: Verificar que los datos en proceso no se pierdan durante fallos de comunicación.
A64: Descripción: | D64: El piloto inicia sesión nuevamente y consulta su historial de vuelos.
A65: Criterio de éxito: | D65: Los registros previamente guardados se muestran correctamente.
A66: Fuente del estímulo | C66: Estímulo | E66: Ambiente | G66: Artefacto | I66: Respuesta | K66: Medida de la respuesta | M66: ¿Cumplió? | N66: Tácticas y estrategia
A67: Piloto | C67: Consulta historial de vuelos | E67: Operación normal | G67: Sistema | I67: El sistema recupera los datos almacenados | K67: Datos mostrados correctamente | N67: Consultas SQL optimizadas
A69: Atributo de calidad: | D69: =$A$1 -> Confiabilidad
A70: Característica: | D70: =Confiabilidad!A5 -> Se requiere que el backend procese las solicitudes concurrentemente mediante goroutines de Go, asegurando que un error en una solicitud no afecte las demás.
A71: Identificador del escenario de calidad: | D71: ESC-CAL-CONF-0007
A72: Nombre del escenario de calidad: | D72: Procesamiento concurrente de solicitudes
A73: Tipo escenario: | D73: Básico
A74: Objetivo | D74: Verificar que el backend pueda atender múltiples solicitudes simultáneamente.
A75: Descripción: | D75: Varios pilotos realizan consultas de logbook al mismo tiempo.
A76: Criterio de éxito: | D76: Todas las solicitudes son procesadas sin bloqueo.
A77: Fuente del estímulo | C77: Estímulo | E77: Ambiente | G77: Artefacto | I77: Respuesta | K77: Medida de la respuesta | M77: ¿Cumplió? | N77: Tácticas y estrategia
A78: Múltiples pilotos | C78: Realizan consultas simultáneas | E78: Alta carga | G78: Sistema | I78: El sistema procesa solicitudes concurrentemente | K78: Tiempo de respuesta promedio menor a 2 segundos | N78: Uso de goroutines en Go
A80: Atributo de calidad: | D80: =$A$1 -> Confiabilidad
A81: Característica: | D81: =Confiabilidad!A5 -> Se requiere que el backend procese las solicitudes concurrentemente mediante goroutines de Go, asegurando que un error en una solicitud no afecte las demás.
A82: Identificador del escenario de calidad: | D82: ESC-CAL-CONF-0008
A83: Nombre del escenario de calidad: | D83: Aislamiento de errores en solicitudes concurrentes
A84: Tipo escenario: | D84: Alternativo
A85: Objetivo | D85: Verificar que un error en una solicitud no afecte las demás.
A86: Descripción: | D86: Una solicitud al backend genera un error mientras otras solicitudes continúan ejecutándose.
A87: Criterio de éxito: | D87: Las demás solicitudes se completan correctamente.
A88: Fuente del estímulo | C88: Estímulo | E88: Ambiente | G88: Artefacto | I88: Respuesta | K88: Medida de la respuesta | M88: ¿Cumplió? | N88: Tácticas y estrategia
A89: Múltiples pilotos | C89: Una solicitud genera error | E89: Operación normal | G89: Sistema | I89: El error se maneja sin afectar otras solicitudes | K89: Las demás solicitudes responden normalmente | N89: Manejo independiente de goroutines
A91: Atributo de calidad: | D91: =$A$1 -> Confiabilidad
A92: Característica: | D92: =Confiabilidad!A6 -> Se requiere que la aplicación detecte errores en cálculos de horas, alertas o comunicación con Keycloak, y los presente al piloto de manera controlada sin cierres inesperados.
A93: Identificador del escenario de calidad: | D93: ESC-CAL-CONF-0009
A94: Nombre del escenario de calidad: | D94: Detección de errores de autenticación
A95: Tipo escenario: | D95: Básico
A96: Objetivo | D96: Verificar que errores de autenticación se detecten correctamente.
A97: Descripción: | D97: El piloto intenta iniciar sesión mientras el servicio de autenticación presenta un problema.
A98: Criterio de éxito: | D98: La aplicación informa el error de forma controlada.
A99: Fuente del estímulo | C99: Estímulo | E99: Ambiente | G99: Artefacto | I99: Respuesta | K99: Medida de la respuesta | M99: ¿Cumplió? | N99: Tácticas y estrategia
A100: Piloto | C100: Intenta iniciar sesión | E100: Error en Keycloak | G100: Sistema | I100: Se muestra mensaje de error claro | K100: Mensaje visible inmediatamente | N100: Manejo de errores en autenticación
A102: Atributo de calidad: | D102: =$A$1 -> Confiabilidad
A103: Característica: | D103: =Confiabilidad!A6 -> Se requiere que la aplicación detecte errores en cálculos de horas, alertas o comunicación con Keycloak, y los presente al piloto de manera controlada sin cierres inesperados.
A104: Identificador del escenario de calidad: | D104: ESC-CAL-CONF-0010
A105: Nombre del escenario de calidad: | D105: Manejo controlado de errores internos
A106: Tipo escenario: | D106: Alternativo
A107: Objetivo | D107: Verificar que errores internos no provoquen cierre inesperado de la aplicación.
A108: Descripción: | D108: Durante el cálculo de datos ocurre un error interno en el sistema.
A109: Criterio de éxito: | D109: La aplicación muestra un mensaje de error y continúa funcionando.
A110: Fuente del estímulo | C110: Estímulo | E110: Ambiente | G110: Artefacto | I110: Respuesta | K110: Medida de la respuesta | M110: ¿Cumplió? | N110: Tácticas y estrategia
...

Sheet ESC-CAL-CONFORMIDAD
A1: Conformidad
A3: Atributo de calidad: | D3: =$A$1 -> Conformidad
A4: Característica: | D4: =Conformidad!A2 -> Se requiere que la aplicación cumpla con las regulaciones de aviación civil vigentes en materia de registro de horas de vuelo, límites operacionales y documentación de la actividad del piloto.
A5: Identificador del escenario de calidad: | D5: ESC-CAL-CONFORM-0001
A6: Nombre del escenario de calidad: | D6: Registro conforme de horas de vuelo
A7: Tipo escenario: | D7: Básico
A8: Objetivo | D8: Verificar que la aplicación registre las horas de vuelo de acuerdo con la normativa de aviación civil.
A9: Descripción: | D9: El piloto registra un nuevo vuelo en la aplicación y el sistema almacena la información incluyendo horas de vuelo, fecha, aeronave y número de aterrizajes.
A10: Criterio de éxito: | D10: Los datos registrados cumplen con los campos requeridos por la normativa.
A11: Fuente del estímulo | C11: Estímulo | E11: Ambiente | G11: Artefacto | I11: Respuesta | K11: Medida de la respuesta | M11: ¿Cumplió? | N11: Tácticas y estrategia
A12: Piloto que utiliza la aplicación | C12: Registra un nuevo vuelo | E12: Operación normal | G12: Sistema | I12: El sistema guarda la información requerida por regulación | K12: Todos los campos obligatorios quedan almacenados | N12: Validación de campos obligatorios en backend
A14: Atributo de calidad: | D14: =$A$1 -> Conformidad
A15: Característica: | D15: =Conformidad!A2 -> Se requiere que la aplicación cumpla con las regulaciones de aviación civil vigentes en materia de registro de horas de vuelo, límites operacionales y documentación de la actividad del piloto.
A16: Identificador del escenario de calidad: | D16: ESC-CAL-CONFORM-0002
A17: Nombre del escenario de calidad: | D17: Verificación de límites operacionales regulatorios
A18: Tipo escenario: | D18: Alternativo
A19: Objetivo | D19: Verificar que el sistema controle los límites operacionales definidos por regulación.
A20: Descripción: | D20: El piloto registra un vuelo que supera el límite de horas permitido por normativa.
A21: Criterio de éxito: | D21: La aplicación genera una alerta indicando el incumplimiento regulatorio.
A22: Fuente del estímulo | C22: Estímulo | E22: Ambiente | G22: Artefacto | I22: Respuesta | K22: Medida de la respuesta | M22: ¿Cumplió? | N22: Tácticas y estrategia
A23: Piloto | C23: Registra vuelo que supera límite permitido | E23: Operación normal | G23: Sistema | I23: Se genera alerta informando el límite superado | K23: Alerta generada inmediatamente | N23: Validaciones regulatorias en backend
A25: Atributo de calidad: | D25: =$A$1 -> Conformidad
A26: Característica: | D26: =Conformidad!A3 -> Se requiere que los umbrales(limites) regulatorios (50h/15días, 90h/mes, 270h/trimestre, 1000h/año, 3 aterrizajes/90días) estén definidos como constantes en el código, facilitando su actualización ante cambios normativos.
A27: Identificador del escenario de calidad: | D27: ESC-CAL-CONFORM-0001
A28: Nombre del escenario de calidad: | D28: Uso de constantes regulatorias en cálculos
A29: Tipo escenario: | D29: Básico
A30: Objetivo | D30: Verificar que los cálculos regulatorios utilicen los valores definidos por normativa.
A31: Descripción: | D31: El sistema calcula las horas acumuladas del piloto utilizando los límites regulatorios definidos.
A32: Criterio de éxito: | D32: Los cálculos utilizan correctamente los valores establecidos en el código.
A33: Fuente del estímulo | C33: Estímulo | E33: Ambiente | G33: Artefacto | I33: Respuesta | K33: Medida de la respuesta | M33: ¿Cumplió? | N33: Tácticas y estrategia
A34: Sistema | C34: Calcula horas acumuladas del piloto | E34: Operación normal | G34: Sistema | I34: El cálculo utiliza constantes regulatorias | K34: Valores utilizados coinciden con normativa | N34: Uso de constantes definidas en código
A36: Atributo de calidad: | D36: =$A$1 -> Conformidad
A37: Característica: | D37: =Conformidad!A3 -> Se requiere que los umbrales(limites) regulatorios (50h/15días, 90h/mes, 270h/trimestre, 1000h/año, 3 aterrizajes/90días) estén definidos como constantes en el código, facilitando su actualización ante cambios normativos.
A38: Identificador del escenario de calidad: | D38: ESC-CAL-CONFORM-0004
A39: Nombre del escenario de calidad: | D39: Actualización de límites regulatorios en el sistema
A40: Tipo escenario: | D40: Alternativo
A41: Objetivo | D41: Verificar que los límites regulatorios puedan actualizarse fácilmente ante cambios normativos.
A42: Descripción: | D42: Un desarrollador actualiza un valor de límite regulatorio en el código.
A43: Criterio de éxito: | D43: El sistema utiliza el nuevo valor en los cálculos regulatorios.
A44: Fuente del estímulo | C44: Estímulo | E44: Ambiente | G44: Artefacto | I44: Respuesta | K44: Medida de la respuesta | M44: ¿Cumplió? | N44: Tácticas y estrategia
A45: Piloto | C45: Registra vuelo que supera límite permitido | E45: Operación normal | G45: Sistema | I45: El sistema aplica el nuevo valor en cálculos | K45: Cálculos reflejan nuevo límite | N45: Uso de constantes centralizadas
A47: Atributo de calidad: | D47: =$A$1 -> Conformidad
A48: Característica: | D48: =Conformidad!A4 -> Se requiere que la aplicación proteja los datos de los pilotos mediante autenticación JWT con cookies HttpOnly, cifrado de credenciales delegado a Keycloak, y validación de schemas JSON en cada endpoint.
A49: Identificador del escenario de calidad: | D49: ESC-CAL-CONFORM-0005
A50: Nombre del escenario de calidad: | D50: Autenticación segura de pilotos
A51: Tipo escenario: | D51: Básico
A52: Objetivo | D52: Verificar que el acceso al sistema esté protegido mediante autenticación segura.
A53: Descripción: | D53: El piloto inicia sesión en la aplicación utilizando sus credenciales.
A54: Criterio de éxito: | D54: El sistema valida la autenticación mediante Keycloak y genera un token JWT.
A55: Fuente del estímulo | C55: Estímulo | E55: Ambiente | G55: Artefacto | I55: Respuesta | K55: Medida de la respuesta | M55: ¿Cumplió? | N55: Tácticas y estrategia
A56: Piloto | C56: Intenta iniciar sesión | E56: Operación normal | G56: Sistema | I56: El sistema valida credenciales y genera token JWT | K56: Acceso concedido solo si credenciales válidas | N56: Integración con Keycloak
A58: Atributo de calidad: | D58: =$A$1 -> Conformidad
A59: Característica: | D59: =Conformidad!A4 -> Se requiere que la aplicación proteja los datos de los pilotos mediante autenticación JWT con cookies HttpOnly, cifrado de credenciales delegado a Keycloak, y validación de schemas JSON en cada endpoint.
A60: Identificador del escenario de calidad: | D60: ESC-CAL-CONFORM-0006
A61: Nombre del escenario de calidad: | D61: Protección de endpoints mediante validación de tokens
A62: Tipo escenario: | D62: Alternativo
A63: Objetivo | D63: Verificar que los endpoints del sistema estén protegidos contra accesos no autorizados.
A64: Descripción: | D64: Un usuario intenta acceder a un endpoint de la API sin token válido.
A65: Criterio de éxito: | D65: El sistema rechaza la solicitud.
A66: Fuente del estímulo | C66: Estímulo | E66: Ambiente | G66: Artefacto | I66: Respuesta | K66: Medida de la respuesta | M66: ¿Cumplió? | N66: Tácticas y estrategia
A67: Piloto | C67: Intenta acceder a endpoint protegido | E67: Operación normal | G67: Sistema | I67: El sistema rechaza la solicitud | K67: Respuesta HTTP 401 o 403 de forma controlada | N67: Validación de JWT en middleware
A69: Atributo de calidad: | D69: =$A$1 -> Conformidad
A70: Característica: | D70: =Conformidad!A5 -> Se requiere que la aplicación presente mensajes claros al piloto sobre el propósito del registro de horas y la importancia de la precisión de los datos ingresados para el cumplimiento regulatorio.
A71: Identificador del escenario de calidad: | D71: ESC-CAL-CONFORM-0007
A72: Nombre del escenario de calidad: | D72: Comunicación del propósito del registro de horas
A73: Tipo escenario: | D73: Básico
A74: Objetivo | D74: Verificar que la aplicación informe al piloto sobre la importancia del registro de horas.
A75: Descripción: | D75: El piloto accede al módulo de registro de vuelos y la aplicación muestra un mensaje explicando el propósito del registro.
A76: Criterio de éxito: | D76: El mensaje es visible y comprensible.
A77: Fuente del estímulo | C77: Estímulo | E77: Ambiente | G77: Artefacto | I77: Respuesta | K77: Medida de la respuesta | M77: ¿Cumplió? | N77: Tácticas y estrategia
A78: Piloto | C78: Accede al módulo de registro de vuelos | E78: Operación normal | G78: Sistema | I78: El sistema muestra mensaje informativo | K78: Mensaje visible antes del registro | N78: Uso de mensajes informativos en UI
A80: Atributo de calidad: | D80: =$A$1 -> Conformidad
A81: Característica: | D81: =Conformidad!A5 -> Se requiere que la aplicación presente mensajes claros al piloto sobre el propósito del registro de horas y la importancia de la precisión de los datos ingresados para el cumplimiento regulatorio.
A82: Identificador del escenario de calidad: | D82: ESC-CAL-CONFORM-0008
A83: Nombre del escenario de calidad: | D83: Advertencia sobre precisión de datos ingresados
A84: Tipo escenario: | D84: Alternativo
A85: Objetivo | D85: Verificar que el sistema advierta sobre la importancia de ingresar datos correctos.
A86: Descripción: | D86: El piloto ingresa datos de vuelo en el formulario de registro.
A87: Criterio de éxito: | D87: La aplicación muestra un mensaje recordando la importancia de la precisión de los datos.
A88: Fuente del estímulo | C88: Estímulo | E88: Ambiente | G88: Artefacto | I88: Respuesta | K88: Medida de la respuesta | M88: ¿Cumplió? | N88: Tácticas y estrategia
A89: Piloto | C89: Ingresa datos de vuelo | E89: Operación normal | G89: Sistema | I89: Se muestra mensaje de advertencia | K89: Mensaje visible antes de confirmar registro | N89: Mensajes de orientación en formularios

Sheet ESC-CAL-DISPONIBILIDAD
A1: Disponibilidad
A3: Atributo de calidad: | D3: =$A$1 -> Disponibilidad
A4: Característica: | D4: =Disponibilidad!A2 -> Se requiere que la aplicación pueda ejecutarse sin interrupciones durante eventos críticos o de alta demanda.
A5: Identificador del escenario de calidad: | D5: ESC-CAL-DISP-0001
A6: Nombre del escenario de calidad: | D6: Operación continua durante alta demanda
A7: Tipo escenario: | D7: Básico
A8: Objetivo | D8: Verificar que la aplicación continúe funcionando cuando múltiples pilotos acceden al sistema simultáneamente.
A9: Descripción: | D9: Varios pilotos acceden al sistema al mismo tiempo para consultar sus horas de vuelo o registrar nuevas actividades.
A10: Criterio de éxito: | D10: El sistema mantiene su funcionamiento sin interrupciones.
A11: Fuente del estímulo | C11: Estímulo | E11: Ambiente | G11: Artefacto | I11: Respuesta | K11: Medida de la respuesta | M11: ¿Cumplió? | N11: Tácticas y estrategia
A12: Piloto | C12: Realizan consultas y registros simultáneamente | E12: Operación normal | G12: Aplicación móvil/web | I12: El sistema procesa las solicitudes sin detener el servicio | K12: Tiempo de respuesta promedio menor a 3 segundos | N12: Arquitectura backend concurrente con Go
A14: Atributo de calidad: | D14: =$A$1 -> Disponibilidad
A15: Característica: | D15: =Disponibilidad!A2 -> Se requiere que la aplicación pueda ejecutarse sin interrupciones durante eventos críticos o de alta demanda.
A16: Identificador del escenario de calidad: | D16: ESC-CAL-DISP-0002
A17: Nombre del escenario de calidad: | D17: Mantenimiento de servicio durante picos de uso
A18: Tipo escenario: | D18: Alternativo
A19: Objetivo | D19: Verificar que el sistema mantenga disponibilidad durante picos de uso.
A20: Descripción: | D20: Durante un periodo de alta actividad varios pilotos acceden al sistema para consultar información.
A21: Criterio de éxito: | D21: El sistema continúa respondiendo a las solicitudes sin caídas.
A22: Fuente del estímulo | C22: Estímulo | E22: Ambiente | G22: Artefacto | I22: Respuesta | K22: Medida de la respuesta | M22: ¿Cumplió? | N22: Tácticas y estrategia
A23: Múltiples pilotos | C23: Acceden simultáneamente al sistema | E23: Conectividad intermitente | G23: Aplicación móvil/web | I23: El sistema mantiene operación normal | K23: Servicio disponible durante todo el evento | N23: Manejo concurrente de solicitudes
A25: Atributo de calidad: | D25: =$A$1 -> Disponibilidad
A26: Característica: | D26: =Disponibilidad!A3 -> Se requiere que la base de datos MySQL permita realizar copias de seguridad de la información de vuelos y pilotos sin interrumpir la operación de la aplicación.
A27: Identificador del escenario de calidad: | D27: ESC-CAL-DISP-0003
A28: Nombre del escenario de calidad: | D28: Respaldo de base de datos sin interrupción del servicio
A29: Tipo escenario: | D29: Básico
A30: Objetivo | D30: Verificar que la base de datos pueda generar copias de seguridad sin detener la aplicación.
A31: Descripción: | D31: El sistema realiza un respaldo de la base de datos mientras los pilotos continúan usando la aplicación.
A32: Criterio de éxito: | D32: El respaldo se realiza sin afectar el funcionamiento del sistema.
A33: Fuente del estímulo | C33: Estímulo | E33: Ambiente | G33: Artefacto | I33: Respuesta | K33: Medida de la respuesta | M33: ¿Cumplió? | N33: Tácticas y estrategia
A34: Piloto | C34: Inicia copia de seguridad | E34: Operación normal | G34: Aplicación móvil/web | I34: El respaldo se ejecuta sin detener el servicio | K34: Aplicación continúa disponible durante el respaldo | N34: Uso de herramientas de backup en MySQL
A36: Atributo de calidad: | D36: =$A$1 -> Disponibilidad
A37: Característica: | D37: =Disponibilidad!A3 -> Se requiere que la base de datos MySQL permita realizar copias de seguridad de la información de vuelos y pilotos sin interrumpir la operación de la aplicación.
A38: Identificador del escenario de calidad: | D38: ESC-CAL-DISP-0004
A39: Nombre del escenario de calidad: | D39: Mantenimiento de servicio durante picos de uso
A40: Tipo escenario: | D40: Alternativo
A41: Objetivo | D41: Verificar que las copias de seguridad permitan recuperar la información correctamente.
A42: Descripción: | D42: El administrador restaura una copia de seguridad para verificar la integridad de los datos.
A43: Criterio de éxito: | D43: Los datos restaurados coinciden con los datos originales.
A44: Fuente del estímulo | C44: Estímulo | E44: Ambiente | G44: Artefacto | I44: Respuesta | K44: Medida de la respuesta | M44: ¿Cumplió? | N44: Tácticas y estrategia
A45: Administrador | C45: Restaura copia de seguridad | E45: Conectividad intermitente | G45: Aplicación móvil/web | I45: El sistema recupera los datos almacenados | K45: Datos restaurados correctamente | N45: Procedimientos de recuperación de base de datos
A47: Atributo de calidad: | D47: =$A$1 -> Disponibilidad
A48: Característica: | D48: =Disponibilidad!A4 -> Se requiere que la aplicación cuente con endpoints de monitoreo (/health) y métricas (Prometheus) que permitan supervisar el estado del servicio en todo momento.
A49: Identificador del escenario de calidad: | D49: ESC-CAL-DISP-0005
A50: Nombre del escenario de calidad: | D50: Monitoreo del estado del servicio
A51: Tipo escenario: | D51: Básico
A52: Objetivo | D52: Verificar que el estado del sistema pueda ser monitoreado.
A53: Descripción: | D53: Una herramienta de monitoreo consulta el endpoint /health del sistema.
A54: Criterio de éxito: | D54: El sistema responde indicando su estado operativo.
A55: Fuente del estímulo | C55: Estímulo | E55: Ambiente | G55: Artefacto | I55: Respuesta | K55: Medida de la respuesta | M55: ¿Cumplió? | N55: Tácticas y estrategia
A56: Sistema de monitoreo | C56: Consulta endpoint /health | E56: Operación normal | G56: Aplicación móvil/web | I56: El sistema responde con estado del servicio | K56: Respuesta HTTP 200 | N56: Endpoint de monitoreo implementado
A58: Atributo de calidad: | D58: =$A$1 -> Disponibilidad
A59: Característica: | D59: =Disponibilidad!A4 -> Se requiere que la aplicación cuente con endpoints de monitoreo (/health) y métricas (Prometheus) que permitan supervisar el estado del servicio en todo momento.
A60: Identificador del escenario de calidad: | D60: ESC-CAL-DISP-0006
A61: Nombre del escenario de calidad: | D61: Recolección de métricas del sistema
A62: Tipo escenario: | D62: Alternativo
A63: Objetivo | D63: Verificar que el sistema proporcione métricas para monitoreo.
A64: Descripción: | D64: Prometheus consulta el endpoint de métricas del sistema.
A65: Criterio de éxito: | D65: Las métricas del sistema se muestran correctamente.
A66: Fuente del estímulo | C66: Estímulo | E66: Ambiente | G66: Artefacto | I66: Respuesta | K66: Medida de la respuesta | M66: ¿Cumplió? | N66: Tácticas y estrategia
A67: Administrador | C67: Consulta endpoint de métricas | E67: Conectividad intermitente | G67: Aplicación móvil/web | I67: El sistema expone métricas del servicio | K67: Métricas disponibles para monitoreo | N67: Integración con Prometheus
A69: Atributo de calidad: | D69: =$A$1 -> Disponibilidad
A70: Característica: | D70: =Disponibilidad!A5 -> Se requiere que la aplicación pueda ser restaurada rápidamente en caso de caída, mediante contenedores Docker y scripts de despliegue automatizado.
A71: Identificador del escenario de calidad: | D71: ESC-CAL-DISP-0007
A72: Nombre del escenario de calidad: | D72: Restauración rápida del sistema
A73: Tipo escenario: | D73: Básico
A74: Objetivo | D74: Verificar que el sistema pueda desplegarse automáticamente.
A75: Descripción: | D75: Se ejecutan scripts de despliegue para iniciar todos los servicios del sistema.
A76: Criterio de éxito: | D76: Todos los servicios se inician correctamente.
A77: Fuente del estímulo | C77: Estímulo | E77: Ambiente | G77: Artefacto | I77: Respuesta | K77: Medida de la respuesta | M77: ¿Cumplió? | N77: Tácticas y estrategia
A78: Administrador | C78: Reinicia contenedores del sistema | E78: Operación normal | G78: Aplicación móvil/web | I78: El sistema inicia todos los servicios | K78: Servicios disponibles después del despliegue | N78: Scripts automatizados
A80: Atributo de calidad: | D80: =$A$1 -> Disponibilidad
A81: Característica: | D81: =Disponibilidad!A5 -> Se requiere que la aplicación pueda ser restaurada rápidamente en caso de caída, mediante contenedores Docker y scripts de despliegue automatizado.
A82: Identificador del escenario de calidad: | D82: ESC-CAL-DISP-0008
A83: Nombre del escenario de calidad: | D83: Notificación de indisponibilidad del servicio
A84: Tipo escenario: | D84: Alternativo
A85: Objetivo | D85: Verificar que el sistema informe al piloto cuando el servicio no esté disponible.
A86: Descripción: | D86: El piloto intenta acceder al sistema mientras el servicio está caído.
A87: Criterio de éxito: | D87: La aplicación muestra un mensaje claro indicando la indisponibilidad.
A88: Fuente del estímulo | C88: Estímulo | E88: Ambiente | G88: Artefacto | I88: Respuesta | K88: Medida de la respuesta | M88: ¿Cumplió? | N88: Tácticas y estrategia
A89: Piloto | C89: Intenta acceder al sistema | E89: Conectividad intermitente | G89: Aplicación móvil/web | I89: Se muestra mensaje de error informando indisponibilidad | K89: Mensaje visible inmediatamente | N89: Manejo de errores en cliente
A91: Atributo de calidad: | D91: =$A$1 -> Disponibilidad
A92: Característica: | D92: =Disponibilidad!A6 -> Se requiere que la aplicación informe al piloto de manera clara cuando el servicio no esté disponible, mostrando mensajes de error descriptivos y permitiendo reintentar la operación.
A93: Identificador del escenario de calidad: | D93: ESC-CAL-DISP-0009
A94: Nombre del escenario de calidad: | D94: Notificación de indisponibilidad del servicio
A95: Tipo escenario: | D95: Básico
A96: Objetivo | D96: Verificar que el sistema informe al piloto cuando el servicio no esté disponible.
A97: Descripción: | D97: El piloto intenta acceder al sistema mientras el servicio está caído.
A98: Criterio de éxito: | D98: La aplicación muestra un mensaje claro indicando la indisponibilidad.
A99: Fuente del estímulo | C99: Estímulo | E99: Ambiente | G99: Artefacto | I99: Respuesta | K99: Medida de la respuesta | M99: ¿Cumplió? | N99: Tácticas y estrategia
A100: Piloto | C100: Intenta acceder al sistema | E100: Operación normal | G100: Aplicación móvil/web | I100: Se muestra mensaje de error informando indisponibilidad | K100: Mensaje visible inmediatamente | N100: Manejo de errores en cliente
A102: Atributo de calidad: | D102: =$A$1 -> Disponibilidad
A103: Característica: | D103: =Disponibilidad!A6 -> Se requiere que la aplicación informe al piloto de manera clara cuando el servicio no esté disponible, mostrando mensajes de error descriptivos y permitiendo reintentar la operación.
A104: Identificador del escenario de calidad: | D104: ESC-CAL-DISP-0010
A105: Nombre del escenario de calidad: | D105: Reintento de operación después de fallo
A106: Tipo escenario: | D106: Alternativo
A107: Objetivo | D107: Verificar que el piloto pueda reintentar una operación cuando el servicio vuelva a estar disponible.
A108: Descripción: | D108: El piloto intenta realizar una operación mientras el servicio se restablece.
A109: Criterio de éxito: | D109: La aplicación permite reintentar la operación.
A110: Fuente del estímulo | C110: Estímulo | E110: Ambiente | G110: Artefacto | I110: Respuesta | K110: Medida de la respuesta | M110: ¿Cumplió? | N110: Tácticas y estrategia
...

Sheet ESC-CAL-ESCALABILIDAD
A1: Escalabilidad
A3: Atributo de calidad: | D3: =$A$1 -> Escalabilidad
A4: Característica: | D4: =Escalabilidad!A2 -> Se requiere que la aplicación pueda ser desplegada en contenedores, permitiendo escalar horizontalmente agregando instancias adicionales según la demanda.
A5: Identificador del escenario de calidad: | D5: ESC-CAL-ESC-0001
A6: Nombre del escenario de calidad: | D6: Escalamiento horizontal del sistema
A7: Tipo escenario: | D7: Básico
A8: Objetivo | D8: Verificar que el sistema pueda aumentar su capacidad agregando nuevas instancias.
A9: Descripción: | D9: Escenario que simula un incremento en la cantidad de usuarios accediendo al sistema, lo que requiere desplegar nuevas instancias del backend mediante contenedores.
A10: Criterio de éxito: | D10: El sistema agrega nuevas instancias y mantiene el rendimiento del servicio.
A11: Fuente del estímulo | C11: Estímulo | E11: Ambiente | G11: Artefacto | I11: Respuesta | K11: Medida de la respuesta | M11: ¿Cumplió? | N11: Tácticas y estrategia
A12: Infraestructura del sistema | C12: Incremento de solicitudes de usuarios | E12: Prueba de carga | G12: Sistema (API Backend) | I12: El sistema despliega nuevas instancias del servicio | K12: Tiempo de respuesta menor a 3 segundos | N12: Escalamiento horizontal con contenedores
A14: Atributo de calidad: | D14: =$A$1 -> Escalabilidad
A15: Característica: | D15: =Escalabilidad!A2 -> Se requiere que la aplicación pueda ser desplegada en contenedores, permitiendo escalar horizontalmente agregando instancias adicionales según la demanda.
A16: Identificador del escenario de calidad: | D16: ESC-CAL-ESC-0002
A17: Nombre del escenario de calidad: | D17: Distribución de carga entre instancias
A18: Tipo escenario: | D18: Alternativo
A19: Objetivo | D19: Verificar que las solicitudes se distribuyan entre múltiples instancias.
A20: Descripción: | D20: Escenario que simula múltiples usuarios accediendo simultáneamente al sistema y distribuyendo las solicitudes entre las instancias disponibles.
A21: Criterio de éxito: | D21: Las solicitudes se distribuyen correctamente sin sobrecargar una sola instancia.
A22: Fuente del estímulo | C22: Estímulo | E22: Ambiente | G22: Artefacto | I22: Respuesta | K22: Medida de la respuesta | M22: ¿Cumplió? | N22: Tácticas y estrategia
A23: Piloto | C23: Acceso simultáneo de múltiples pilotos | E23: Operación normal con carga moderada | G23: Sistema (API Backend) | I23: El sistema distribuye las solicitudes entre instancias | K23: Carga balanceada entre instancias | N23: Balanceador de carga
A25: Atributo de calidad: | D25: =$A$1 -> Escalabilidad
A26: Característica: | D26: =Escalabilidad!A3 -> Se requiere que la base de datos MySQL soporte el crecimiento del historial de vuelos y pilotos sin degradar los tiempos de consulta de resúmenes y alertas.
A27: Identificador del escenario de calidad: | D27: ESC-CAL-ESC-0003
A28: Nombre del escenario de calidad: | D28: Consulta eficiente con grandes volúmenes de datos
A29: Tipo escenario: | D29: Básico
A30: Objetivo | D30: Verificar que el sistema mantenga tiempos de respuesta adecuados cuando la base de datos crece.
A31: Descripción: | D31: Escenario que evalúa el comportamiento del sistema cuando el historial de vuelos y registros de pilotos aumenta considerablemente.
A32: Criterio de éxito: | D32: Las consultas de resúmenes y alertas mantienen tiempos de respuesta aceptables.
A33: Fuente del estímulo | C33: Estímulo | E33: Ambiente | G33: Artefacto | I33: Respuesta | K33: Medida de la respuesta | M33: ¿Cumplió? | N33: Tácticas y estrategia
A34: Sistema | C34: Crecimiento del historial de vuelos | E34: Operación normal con carga moderada | G34: Sistema (API Backend) | I34: El sistema ejecuta consultas sin degradación significativa | K34: Tiempo de consulta menor a 3 segundos | N34: Indexación de tablas
A36: Atributo de calidad: | D36: =$A$1 -> Escalabilidad
A37: Característica: | D37: =Escalabilidad!A3 -> Se requiere que la base de datos MySQL soporte el crecimiento del historial de vuelos y pilotos sin degradar los tiempos de consulta de resúmenes y alertas.
A38: Identificador del escenario de calidad: | D38: ESC-CAL-ESC-0004
A39: Nombre del escenario de calidad: | D39: Optimización de consultas con gran volumen de datos
A40: Tipo escenario: | D40: Alternativo
A41: Objetivo | D41: Verificar que el sistema mantenga rendimiento en consultas complejas.
A42: Descripción: | D42: Escenario que evalúa consultas de resúmenes y alertas cuando la base de datos contiene una gran cantidad de registros.
A43: Criterio de éxito: | D43: Las consultas se ejecutan sin afectar el rendimiento general del sistema.
A44: Fuente del estímulo | C44: Estímulo | E44: Ambiente | G44: Artefacto | I44: Respuesta | K44: Medida de la respuesta | M44: ¿Cumplió? | N44: Tácticas y estrategia
A45: Piloto | C45: Consulta de grandes volúmenes de datos | E45: Operación normal con carga moderada | G45: Sistema (API Backend) | I45: El sistema optimiza las consultas | K45: Consultas ejecutadas en tiempo aceptable | N45: Optimización SQL
A47: Atributo de calidad: | D47: =$A$1 -> Escalabilidad
A48: Característica: | D48: =Escalabilidad!A4 -> Se requiere que la aplicación pueda someterse a pruebas que muestren cómo se comporta cuando tiene que atender a muchos usuarios al mismo tiempo, para asegurar que siga funcionando bien.
A49: Identificador del escenario de calidad: | D49: ESC-CAL-ESC-0005
A50: Nombre del escenario de calidad: | D50: Prueba de carga del sistema
A51: Tipo escenario: | D51: Básico
A52: Objetivo | D52: Evaluar el comportamiento del sistema cuando muchos usuarios acceden simultáneamente.
A53: Descripción: | D53: Escenario que simula múltiples usuarios accediendo al sistema al mismo tiempo para evaluar el rendimiento del sistema.
A54: Criterio de éxito: | D54: El sistema continúa funcionando correctamente durante la prueba.
A55: Fuente del estímulo | C55: Estímulo | E55: Ambiente | G55: Artefacto | I55: Respuesta | K55: Medida de la respuesta | M55: ¿Cumplió? | N55: Tácticas y estrategia
A56: Equipo de pruebas | C56: Crecimiento del historial de vuelos | E56: Operación normal con carga moderada | G56: Sistema (API Backend) | I56: El sistema procesa múltiples solicitudes | K56: Sistema estable durante la prueba | N56: Herramientas de pruebas de carga
A58: Atributo de calidad: | D58: =$A$1 -> Escalabilidad
A59: Característica: | D59: =Escalabilidad!A4 -> Se requiere que la aplicación pueda someterse a pruebas que muestren cómo se comporta cuando tiene que atender a muchos usuarios al mismo tiempo, para asegurar que siga funcionando bien.
A60: Identificador del escenario de calidad: | D60: ESC-CAL-ESC-0006
A61: Nombre del escenario de calidad: | D61: Prueba de estrés del sistema
A62: Tipo escenario: | D62: Alternativo
A63: Objetivo | D63: Evaluar el comportamiento del sistema cuando se supera la carga esperada.
A64: Descripción: | D64: Escenario que simula una cantidad de usuarios superior a la esperada para analizar la estabilidad del sistema.
A65: Criterio de éxito: | D65: El sistema mantiene estabilidad sin fallos críticos.
A66: Fuente del estímulo | C66: Estímulo | E66: Ambiente | G66: Artefacto | I66: Respuesta | K66: Medida de la respuesta | M66: ¿Cumplió? | N66: Tácticas y estrategia
A67: Equipo de pruebas | C67: Consulta de grandes volúmenes de datos | E67: Operación normal con carga moderada | G67: Sistema (API Backend) | I67: El sistema continúa funcionando con degradación controlada | K67: No se presentan caídas del sistema | N67: Pruebas de estrés
A69: Atributo de calidad: | D69: =$A$1 -> Escalabilidad
A70: Característica: | D70: =Escalabilidad!A5 -> Se requiere que la aplicación gestione adecuadamente múltiples pilotos consultando simultáneamente sus horas de vuelo y alertas, utilizando la concurrencia nativa de Go sin pérdida de datos.
A71: Identificador del escenario de calidad: | D71: ESC-CAL-ESC-0007
A72: Nombre del escenario de calidad: | D72: Procesamiento concurrente de consultas
A73: Tipo escenario: | D73: Básico
A74: Objetivo | D74: Verificar que el backend procese múltiples solicitudes simultáneamente.
A75: Descripción: | D75: Escenario que simula varios pilotos consultando sus horas de vuelo y alertas al mismo tiempo.
A76: Criterio de éxito: | D76: El sistema procesa todas las solicitudes sin errores ni pérdida de datos.
A77: Fuente del estímulo | C77: Estímulo | E77: Ambiente | G77: Artefacto | I77: Respuesta | K77: Medida de la respuesta | M77: ¿Cumplió? | N77: Tácticas y estrategia
A78: Pilotos | C78: Consultas simultáneas de horas de vuelo | E78: Operación normal con carga moderada | G78: Sistema (API Backend) | I78: El sistema procesa solicitudes concurrentes | K78: Todas las consultas se procesan correctamente | N78: Uso de goroutines
A80: Atributo de calidad: | D80: =$A$1 -> Escalabilidad
A81: Característica: | D81: =Escalabilidad!A5 -> Se requiere que la aplicación gestione adecuadamente múltiples pilotos consultando simultáneamente sus horas de vuelo y alertas, utilizando la concurrencia nativa de Go sin pérdida de datos.
A82: Identificador del escenario de calidad: | D82: ESC-CAL-ESC-0008
A83: Nombre del escenario de calidad: | D83: Aislamiento de errores en solicitudes concurrentes
A84: Tipo escenario: | D84: Alternativo
A85: Objetivo | D85: Verificar que un error en una solicitud no afecte a las demás.
A86: Descripción: | D86: Escenario que simula múltiples consultas concurrentes donde una de ellas genera un error.
A87: Criterio de éxito: | D87: Las demás solicitudes continúan procesándose normalmente.
A88: Fuente del estímulo | C88: Estímulo | E88: Ambiente | G88: Artefacto | I88: Respuesta | K88: Medida de la respuesta | M88: ¿Cumplió? | N88: Tácticas y estrategia
A89: Sistema | C89: Error en una solicitud concurrente | E89: Operación normal con carga moderada | G89: Sistema (API Backend) | I89: El sistema aísla la solicitud con error | K89: Las demás solicitudes continúan funcionando | N89: Manejo de concurrencia

Sheet ESC-CAL-EXPERIENCIA DE USUARIO
A1: Experiencia de Usuario
A3: Atributo de calidad: | D3: =$A$1 -> Experiencia de Usuario
A4: Característica: | D4: ='Experiencia de usuario'!A2 -> Se requiere que la aplicación mantenga una estética visual coherente con la identidad de la marca, mejorando la percepción de confianza.
A5: Identificador del escenario de calidad: | D5: ESC-CAL-UX-0001
A6: Nombre del escenario de calidad: | D6: Consistencia visual con la identidad de marca
A7: Tipo escenario: | D7: Básico
A8: Objetivo | D8: Verificar que la interfaz de la aplicación mantenga coherencia visual con la identidad de la marca.
A9: Descripción: | D9: Escenario que evalúa si los elementos visuales de la interfaz (colores, tipografía e iconografía) siguen el sistema de diseño definido.
A10: Criterio de éxito: | D10: La interfaz mantiene una apariencia consistente alineada con la identidad visual.
A11: Fuente del estímulo | C11: Estímulo | E11: Ambiente | G11: Artefacto | I11: Respuesta | K11: Medida de la respuesta | M11: ¿Cumplió? | N11: Tácticas y estrategia
A12: Piloto que utiliza la aplicación en uso diario. | C12: Navega por diferentes secciones del sistema | E12: Operación normal | G12: La aplicación mantiene consistencia visual | I12: La aplicación mantiene consistencia visual | K12: Elementos visuales uniformes en todas las pantallas | N12: Uso de sistema de diseño
A14: Atributo de calidad: | D14: =$A$1 -> Experiencia de Usuario
A15: Característica: | D15: ='Experiencia de usuario'!A2 -> Se requiere que la aplicación mantenga una estética visual coherente con la identidad de la marca, mejorando la percepción de confianza.
A16: Identificador del escenario de calidad: | D16: ESC-CAL-UX-0002
A17: Nombre del escenario de calidad: | D17: Validación de consistencia visual
A18: Tipo escenario: | D18: Alternativo
A19: Objetivo | D19: Verificar que las nuevas pantallas respeten la identidad visual.
A20: Descripción: | D20: Escenario que analiza nuevas interfaces agregadas al sistema verificando que sigan el mismo sistema de diseño.
A21: Criterio de éxito: | D21: Las nuevas pantallas mantienen coherencia visual.
A22: Fuente del estímulo | C22: Estímulo | E22: Ambiente | G22: Artefacto | I22: Respuesta | K22: Medida de la respuesta | M22: ¿Cumplió? | N22: Tácticas y estrategia
A23: Equipo de diseño | C23: Revisión de nueva interfaz | E23: Operación normal | G23: Aplicación móvil/web | I23: La interfaz respeta el sistema de diseño | K23: Cumplimiento de guías visuales | N23: Guía de estilo
A25: Atributo de calidad: | D25: =$A$1 -> Experiencia de Usuario
A26: Característica: | D26: ='Experiencia de usuario'!A3 -> Se requiere que la aplicación mantenga una navegación consistente, con menús y controles ubicados de manera predecible.
A27: Identificador del escenario de calidad: | D27: ESC-CAL-UX-0003
A28: Nombre del escenario de calidad: | D28: Navegación consistente en la aplicación
A29: Tipo escenario: | D29: Básico
A30: Objetivo | D30: Verificar que los usuarios encuentren fácilmente las funciones del sistema.
A31: Descripción: | D31: Escenario que evalúa la navegación del piloto a través de diferentes secciones del sistema.
A32: Criterio de éxito: | D32: Los menús y controles se encuentran siempre en ubicaciones predecibles.
A33: Fuente del estímulo | C33: Estímulo | E33: Ambiente | G33: Artefacto | I33: Respuesta | K33: Medida de la respuesta | M33: ¿Cumplió? | N33: Tácticas y estrategia
A34: Piloto | C34: Navega entre secciones | E34: Operación normal | G34: Aplicación móvil/web | I34: El sistema mantiene estructura de navegación consistente | K34: Usuario encuentra opciones rápidamente | N34: Diseño de navegación consistente
A36: Atributo de calidad: | D36: =$A$1 -> Experiencia de Usuario
A37: Característica: | D37: ='Experiencia de usuario'!A3 -> Se requiere que la aplicación mantenga una navegación consistente, con menús y controles ubicados de manera predecible.
A38: Identificador del escenario de calidad: | D38: ESC-CAL-UX-0004
A39: Nombre del escenario de calidad: | D39: Ubicación predecible de controles
A40: Tipo escenario: | D40: Alternativo
A41: Objetivo | D41: Verificar que los controles principales mantengan la misma ubicación.
A42: Descripción: | D42: Escenario que analiza si los botones y menús mantienen su posición entre diferentes pantallas.
A43: Criterio de éxito: | D43: Los usuarios identifican rápidamente los controles.
A44: Fuente del estímulo | C44: Estímulo | E44: Ambiente | G44: Artefacto | I44: Respuesta | K44: Medida de la respuesta | M44: ¿Cumplió? | N44: Tácticas y estrategia
A45: Piloto | C45: Interacción con controles | E45: Operación normal | G45: Aplicación móvil/web | I45: Controles ubicados consistentemente | K45: Reducción del tiempo de navegación | N45: Diseño de interfaz consistente
A47: Atributo de calidad: | D47: =$A$1 -> Experiencia de Usuario
A48: Característica: | D48: ='Experiencia de usuario'!A4 -> Se requiere que la aplicación minimice la cantidad de pasos necesarios para realizar las tareas más frecuentes.
A49: Identificador del escenario de calidad: | D49: ESC-CAL-UX-0005
A50: Nombre del escenario de calidad: | D50: Optimización de tareas frecuentes
A51: Tipo escenario: | D51: Básico
A52: Objetivo | D52: Verificar que las tareas comunes se realicen con pocos pasos.
A53: Descripción: | D53: Escenario que analiza el proceso que sigue un piloto para registrar una actividad de vuelo.
A54: Criterio de éxito: | D54: La tarea se completa en pocos pasos.
A55: Fuente del estímulo | C55: Estímulo | E55: Ambiente | G55: Artefacto | I55: Respuesta | K55: Medida de la respuesta | M55: ¿Cumplió? | N55: Tácticas y estrategia
A56: Piloto | C56: Registra una actividad de vuelo | E56: Operación normal | G56: Aplicación móvil/web | I56: El sistema permite completar la tarea rápidamente | K56: Menos de 5 pasos para completar tarea | N56: Optimización de flujos
A58: Atributo de calidad: | D58: =$A$1 -> Experiencia de Usuario
A59: Característica: | D59: ='Experiencia de usuario'!A4 -> Se requiere que la aplicación minimice la cantidad de pasos necesarios para realizar las tareas más frecuentes.
A60: Identificador del escenario de calidad: | D60: ESC-CAL-UX-0006
A61: Nombre del escenario de calidad: | D61: Reducción de pasos en tareas
A62: Tipo escenario: | D62: Alternativo
A63: Objetivo | D63: Reducir pasos innecesarios.
A64: Descripción: | D64: Escenario que evalúa si existen pasos redundantes en procesos frecuentes.
A65: Criterio de éxito: | D65: Los pasos innecesarios se eliminan.
A66: Fuente del estímulo | C66: Estímulo | E66: Ambiente | G66: Artefacto | I66: Respuesta | K66: Medida de la respuesta | M66: ¿Cumplió? | N66: Tácticas y estrategia
A67: Piloto | C67: Realiza una tarea frecuente | E67: Operación normal | G67: Aplicación móvil/web | I67: El sistema simplifica el proceso | K67: Reducción de pasos | N67: Diseño centrado en usuario
A69: Atributo de calidad: | D69: =$A$1 -> Experiencia de Usuario
A70: Característica: | D70: ='Experiencia de usuario'!A5 -> Se requiere que la aplicación evite sobrecargar la interfaz con elementos innecesarios que dificulten la interacción.
A71: Identificador del escenario de calidad: | D71: ESC-CAL-UX-0007
A72: Nombre del escenario de calidad: | D72: Interfaz clara sin sobrecarga visual
A73: Tipo escenario: | D73: Básico
A74: Objetivo | D74: Verificar que la interfaz de la aplicación presente únicamente la información necesaria para la interacción del piloto.
A75: Descripción: | D75: Escenario que evalúa la interfaz del sistema cuando el piloto consulta información o realiza una operación, verificando que no existan elementos innecesarios que dificulten la interacción.
A76: Criterio de éxito: | D76: La interfaz presenta solo la información relevante y permite una interacción clara y sencilla.
A77: Fuente del estímulo | C77: Estímulo | E77: Ambiente | G77: Artefacto | I77: Respuesta | K77: Medida de la respuesta | M77: ¿Cumplió? | N77: Tácticas y estrategia
A78: Piloto | C78: Accede a una sección del sistema | E78: Operación normal | G78: Aplicación móvil/web | I78: La interfaz muestra únicamente elementos necesarios | K78: Interfaz clara sin saturación visual | N78: Diseño de interfaz minimalista
A80: Atributo de calidad: | D80: =$A$1 -> Experiencia de Usuario
A81: Característica: | D81: ='Experiencia de usuario'!A5 -> Se requiere que la aplicación evite sobrecargar la interfaz con elementos innecesarios que dificulten la interacción.
A82: Identificador del escenario de calidad: | D82: ESC-CAL-UX-0008
A83: Nombre del escenario de calidad: | D83: Reducción de elementos innecesarios en la interfaz
A84: Tipo escenario: | D84: Alternativo
A85: Objetivo | D85: Verificar que los elementos innecesarios puedan ser identificados y eliminados en la interfaz.
A86: Descripción: | D86: Escenario que evalúa una revisión de la interfaz para identificar elementos visuales que no aportan valor a la interacción del usuario.
A87: Criterio de éxito: | D87: Los elementos innecesarios se eliminan o simplifican.
A88: Fuente del estímulo | C88: Estímulo | E88: Ambiente | G88: Artefacto | I88: Respuesta | K88: Medida de la respuesta | M88: ¿Cumplió? | N88: Tácticas y estrategia
A89: Equipo de diseño | C89: Revisión de la interfaz | E89: Operación normal | G89: Aplicación móvil/web | I89: Se eliminan o simplifican elementos innecesarios | K89: Interfaz más clara y fácil de usar | N89: Simplificación de interfaz
A91: Atributo de calidad: | D91: =$A$1 -> Experiencia de Usuario
A92: Característica: | D92: ='Experiencia de usuario'!A6 -> Se requiere que la aplicación presente textos descriptivos y labels claros en cada sección, guiando al piloto sobre la función de cada elemento de la interfaz.
A93: Identificador del escenario de calidad: | D93: ESC-CAL-UX-0009
A94: Nombre del escenario de calidad: | D94: Claridad de etiquetas en la interfaz
A95: Tipo escenario: | D95: Básico
A96: Objetivo | D96: Verificar que los textos y etiquetas permitan comprender fácilmente la función de cada elemento de la interfaz.
A97: Descripción: | D97: Escenario que evalúa la interacción de un piloto con diferentes elementos de la interfaz verificando que los textos y labels expliquen claramente su función.
A98: Criterio de éxito: | D98: El piloto comprende la función de cada elemento sin necesidad de asistencia adicional.
A99: Fuente del estímulo | C99: Estímulo | E99: Ambiente | G99: Artefacto | I99: Respuesta | K99: Medida de la respuesta | M99: ¿Cumplió? | N99: Tácticas y estrategia
A100: Piloto | C100: Interactúa con botones y campos | E100: Operación normal | G100: Aplicación móvil/web | I100: La aplicación presenta textos descriptivos claros | K100: Usuario comprende función de cada elemento | N100: Uso de labels descriptivos
A102: Atributo de calidad: | D102: =$A$1 -> Experiencia de Usuario
A103: Característica: | D103: ='Experiencia de usuario'!A6 -> Se requiere que la aplicación presente textos descriptivos y labels claros en cada sección, guiando al piloto sobre la función de cada elemento de la interfaz.
A104: Identificador del escenario de calidad: | D104: ESC-CAL-UX-0010
A105: Nombre del escenario de calidad: | D105: Guía textual para el usuario
A106: Tipo escenario: | D106: Alternativo
A107: Objetivo | D107: Verificar que la aplicación ofrezca orientación textual en las secciones del sistema.
A108: Descripción: | D108: Escenario que analiza la presencia de textos explicativos o ayudas contextuales que orienten al piloto sobre el uso del sistema.
A109: Criterio de éxito: | D109: Los textos ayudan al usuario a comprender el funcionamiento de la interfaz.
A110: Fuente del estímulo | C110: Estímulo | E110: Ambiente | G110: Artefacto | I110: Respuesta | K110: Medida de la respuesta | M110: ¿Cumplió? | N110: Tácticas y estrategia
...

Sheet ESC-CAL-INTEROPERABILIDAD
A1: Interoperabilidad
A3: Atributo de calidad: | D3: =$A$1 -> Interoperabilidad
A4: Característica: | D4: =Interoperabilidad!A2 -> Se requiere que la aplicación se integre correctamente con Keycloak como proveedor de identidad (OIDC), asegurando la autenticación, registro, verificación de email y recuperación de contraseña del piloto.
A5: Identificador del escenario de calidad: | D5: ESC-CAL-INOP-0001
A6: Nombre del escenario de calidad: | D6: Integración exitosa con Keycloak para autenticación
A7: Tipo escenario: | D7: Básico
A8: Objetivo | D8: Verificar que la comunicación entre la aplicación y el servidor Keycloak funciona correctamente para todas las operaciones de autenticación.
A9: Descripción: | D9: El piloto realiza operaciones de login, registro, verificación de email y cambio de contraseña. Todas estas operaciones se comunican con Keycloak exitosamente.
A10: Criterio de éxito: | D10: Todas las operaciones de autenticación se completan correctamente con Keycloak como proveedor de identidad.
A11: Fuente del estímulo | C11: Estímulo | E11: Ambiente | G11: Artefacto | I11: Respuesta | K11: Medida de la respuesta | M11: ¿Cumplió? | N11: Tácticas y estrategia
A12: Piloto que realiza operaciones de autenticación. | C12: El piloto ejecuta el flujo completo: registrarse → verificar email → login → cambiar contraseña. | E12: Operación normal | G12: Sistema (API + Keycloak) | I12: Cada paso del flujo se completa exitosamente: registro crea usuario en Keycloak, verificación valida el token, login genera JWT, cambio de contraseña actualiza Keycloak. | K12: Todas las operaciones retornan status 200/201. Token JWT válido generado. Sesión activa verificable. | N12: Integración via OIDC con Keycloak. Endpoints: /register, /login, /auth/verify-email, /auth/change-password, /auth/password-reset, /auth/refresh. Validación de schemas JSON por endpoint. Cookie HttpOnly para transporte seguro (platform/cookie/cookie.go).
A14: Atributo de calidad: | D14: =$A$1 -> Interoperabilidad
A15: Característica: | D15: =Interoperabilidad!A2 -> Se requiere que la aplicación se integre correctamente con Keycloak como proveedor de identidad (OIDC), asegurando la autenticación, registro, verificación de email y recuperación de contraseña del piloto.
A16: Identificador del escenario de calidad: | D16: ESC-CAL-INOP-0002
A17: Nombre del escenario de calidad: | D17: Registro y verificación de usuario mediante Keycloak
A18: Tipo escenario: | D18: Alternativo
A19: Objetivo | D19: Verificar que el proceso de registro y verificación de correo funcione correctamente.
A20: Descripción: | D20: Escenario que evalúa el registro de un nuevo piloto en la aplicación y la verificación de su correo electrónico mediante Keycloak.
A21: Criterio de éxito: | D21: El usuario completa el registro y verifica su correo correctamente.
A22: Fuente del estímulo | C22: Estímulo | E22: Ambiente | G22: Artefacto | I22: Respuesta | K22: Medida de la respuesta | M22: ¿Cumplió? | N22: Tácticas y estrategia
A23: Piloto | C23: Se registra en la aplicación | E23: Operación normal | G23: Sistema (API + Keycloak) | I23: El sistema crea la cuenta y solicita verificación de correo | K23: Usuario registrado y verificado | N23: Gestión de identidad con Keycloak
A25: Atributo de calidad: | D25: =$A$1 -> Interoperabilidad
A26: Característica: | D26: =Interoperabilidad!A3 -> Se requiere que la comunicación entre la aplicación y Keycloak utilice tokens JWT seguros y cookies HttpOnly para proteger la información de autenticación intercambiada.
A27: Identificador del escenario de calidad: | D27: ESC-CAL-INOP-0003
A28: Nombre del escenario de calidad: | D28: Integración exitosa con Keycloak para autenticación
A29: Tipo escenario: | D29: Básico
A30: Objetivo | D30: Verificar que la autenticación utilice tokens seguros para proteger la sesión del usuario.
A31: Descripción: | D31: Escenario que evalúa la comunicación entre la aplicación y el servidor de autenticación durante el proceso de inicio de sesión.
A32: Criterio de éxito: | D32: La autenticación utiliza tokens JWT válidos y protegidos.
A33: Fuente del estímulo | C33: Estímulo | E33: Ambiente | G33: Artefacto | I33: Respuesta | K33: Medida de la respuesta | M33: ¿Cumplió? | N33: Tácticas y estrategia
A34: Sistema | C34: Validación de token JWT | E34: Operación normal | G34: Sistema (API + Keycloak) | I34: El sistema valida el token recibido | K34: Token válido permite acceso | N34: Autenticación con JWT
A36: Atributo de calidad: | D36: =$A$1 -> Interoperabilidad
A37: Característica: | D37: =Interoperabilidad!A3 -> Se requiere que la comunicación entre la aplicación y Keycloak utilice tokens JWT seguros y cookies HttpOnly para proteger la información de autenticación intercambiada.
A38: Identificador del escenario de calidad: | D38: ESC-CAL-INOP-0004
A39: Nombre del escenario de calidad: | D39: Protección de sesión con cookies HttpOnly
A40: Tipo escenario: | D40: Alternativo
A41: Objetivo | D41: Verificar que la sesión del usuario esté protegida contra accesos no autorizados.
A42: Descripción: | D42: Escenario que evalúa el almacenamiento del token de autenticación en cookies seguras para evitar accesos indebidos.
A43: Criterio de éxito: | D43: El token se almacena en cookies HttpOnly y no puede ser accedido por scripts del navegador.
A44: Fuente del estímulo | C44: Estímulo | E44: Ambiente | G44: Artefacto | I44: Respuesta | K44: Medida de la respuesta | M44: ¿Cumplió? | N44: Tácticas y estrategia
A45: Sistema | C45: Generación de sesión autenticada | E45: Operación normal | G45: Sistema (API + Keycloak) | I45: El sistema guarda el token en cookie segura | K45: Cookie configurada como HttpOnly | N45: Uso de cookies seguras
A47: Atributo de calidad: | D47: =$A$1 -> Interoperabilidad
A48: Característica: | D48: =Interoperabilidad!A4 -> Se requiere que la aplicación funcione correctamente en múltiples plataformas (Android, iOS, Web) conectándose al mismo backend Go mediante API REST, independientemente del sistema operativo del dispositivo.
A49: Identificador del escenario de calidad: | D49: ESC-CAL-INOP-0005
A50: Nombre del escenario de calidad: | D50: Integración exitosa con Keycloak para autenticación
A51: Tipo escenario: | D51: Básico
A52: Objetivo | D52: Verificar que la aplicación funcione correctamente en diferentes plataformas.
A53: Descripción: | D53: Escenario que evalúa el acceso de pilotos desde diferentes dispositivos utilizando la aplicación móvil o web.
A54: Criterio de éxito: | D54: Los usuarios acceden al sistema y utilizan sus funciones desde cualquier plataforma.
A55: Fuente del estímulo | C55: Estímulo | E55: Ambiente | G55: Artefacto | I55: Respuesta | K55: Medida de la respuesta | M55: ¿Cumplió? | N55: Tácticas y estrategia
A56: Piloto | C56: Accede desde Android, iOS o Web | E56: Operación normal | G56: Sistema (API + Keycloak) | I56: El sistema se conecta al backend mediante API REST | K56: Acceso exitoso desde todas las plataformas | N56: Arquitectura cliente-servidor
A58: Atributo de calidad: | D58: =$A$1 -> Interoperabilidad
A59: Característica: | D59: =Interoperabilidad!A4 -> Se requiere que la aplicación funcione correctamente en múltiples plataformas (Android, iOS, Web) conectándose al mismo backend Go mediante API REST, independientemente del sistema operativo del dispositivo.
A60: Identificador del escenario de calidad: | D60: ESC-CAL-INOP-0006
A61: Nombre del escenario de calidad: | D61: Consistencia de funcionamiento entre plataformas
A62: Tipo escenario: | D62: Alternativo
A63: Objetivo | D63: Verificar que las funcionalidades del sistema sean consistentes en diferentes dispositivos.
A64: Descripción: | D64: Escenario que evalúa el uso de una misma funcionalidad del sistema desde diferentes plataformas.
A65: Criterio de éxito: | D65: La funcionalidad se ejecuta de la misma manera en todas las plataformas.
A66: Fuente del estímulo | C66: Estímulo | E66: Ambiente | G66: Artefacto | I66: Respuesta | K66: Medida de la respuesta | M66: ¿Cumplió? | N66: Tácticas y estrategia
A67: Piloto | C67: Utiliza la misma funcionalidad en distintos dispositivos | E67: Operación normal | G67: Sistema (API + Keycloak) | I67: El sistema ejecuta correctamente la funcionalidad | K67: Resultado consistente entre plataformas | N67: Desarrollo multiplataforma

Sheet ESC-CAL-RENDIMIENTO
A1: Rendimiento
A2: Atributo de calidad: | D2: =$A$1 -> Rendimiento
A3: Característica: | D3: =Rendimiento!A2 -> Se requiere que la aplicación haga un uso eficiente de los recursos del servidor, utilizando Go con Gin framework y pool de conexiones MySQL para minimizar el consumo de memoria y CPU.
A4: Identificador del escenario de calidad: | D4: ESC-CAL-REN-0001
A5: Nombre del escenario de calidad: | D5: Uso eficiente de recursos del servidor
A6: Tipo escenario: | D6: Básico
A7: Objetivo | D7: Verificar que el backend utilice eficientemente CPU y memoria durante la operación.
A8: Descripción: | D8: Escenario que evalúa el comportamiento del backend cuando múltiples solicitudes son procesadas simultáneamente utilizando Go con Gin framework y pool de conexiones MySQL.
A9: Criterio de éxito: | D9: El sistema procesa solicitudes manteniendo bajo consumo de recursos.
A10: Fuente del estímulo | C10: Estímulo | E10: Ambiente | G10: Artefacto | I10: Respuesta | K10: Medida de la respuesta | M10: ¿Cumplió? | N10: Tácticas y estrategia
A11: Pilotos del sistema | C11: Realizan múltiples solicitudes al sistema | E11: Operación normal | G11: Sistema (API + Frontend) | I11: El sistema procesa solicitudes eficientemente | K11: Uso de CPU y memoria dentro de límites aceptables | N11: Uso de pool de conexiones
A13: Atributo de calidad: | D13: =$A$1 -> Rendimiento
A14: Característica: | D14: =Rendimiento!A2 -> Se requiere que la aplicación haga un uso eficiente de los recursos del servidor, utilizando Go con Gin framework y pool de conexiones MySQL para minimizar el consumo de memoria y CPU.
A15: Identificador del escenario de calidad: | D15: ESC-CAL-REN-0002
A16: Nombre del escenario de calidad: | D16: Gestión eficiente de conexiones a base de datos
A17: Tipo escenario: | D17: Alternativo
A18: Objetivo | D18: Verificar que el sistema administre adecuadamente las conexiones a la base de datos.
A19: Descripción: | D19: Escenario que evalúa el comportamiento del sistema cuando múltiples consultas requieren acceso a la base de datos.
A20: Criterio de éxito: | D20: Las conexiones se reutilizan eficientemente mediante pool de conexiones.
A21: Fuente del estímulo | C21: Estímulo | E21: Ambiente | G21: Artefacto | I21: Respuesta | K21: Medida de la respuesta | M21: ¿Cumplió? | N21: Tácticas y estrategia
A22: Sistema | C22: Múltiples consultas simultáneas a la base de datos | E22: Operación normal | G22: Sistema (API + Frontend) | I22: El sistema reutiliza conexiones existentes | K22: Reducción en creación de nuevas conexiones | N22: Pool de conexiones
A24: Atributo de calidad: | D24: =$A$1 -> Rendimiento
A25: Característica: | D25: =Rendimiento!A3 -> Se requiere que la aplicación maneje eficientemente el historial de vuelos del piloto, manteniendo tiempos de respuesta estables a medida que crece el número de registros.
A26: Identificador del escenario de calidad: | D26: ESC-CAL-REN-0003
A27: Nombre del escenario de calidad: | D27: Consulta eficiente del historial de vuelos
A28: Tipo escenario: | D28: Básico
A29: Objetivo | D29: Verificar que el sistema mantenga tiempos de respuesta adecuados al consultar el historial de vuelos.
A30: Descripción: | D30: Escenario que evalúa la consulta del historial de vuelos de un piloto cuando el número de registros aumenta.
A31: Criterio de éxito: | D31: El sistema mantiene tiempos de respuesta estables.
A32: Fuente del estímulo | C32: Estímulo | E32: Ambiente | G32: Artefacto | I32: Respuesta | K32: Medida de la respuesta | M32: ¿Cumplió? | N32: Tácticas y estrategia
A33: Piloto | C33: Consulta su historial de vuelos | E33: Operación normal | G33: Sistema (API + Frontend) | I33: El sistema recupera los registros eficientemente | K33: Tiempo de consulta menor a 2 segundos | N33: Indexación de datos
A35: Atributo de calidad: | D35: =$A$1 -> Rendimiento
A36: Característica: | D36: =Rendimiento!A3 -> Se requiere que la aplicación maneje eficientemente el historial de vuelos del piloto, manteniendo tiempos de respuesta estables a medida que crece el número de registros.
A37: Identificador del escenario de calidad: | D37: ESC-CAL-REN-0004
A38: Nombre del escenario de calidad: | D38: Optimización de consultas con gran volumen de datos
A39: Tipo escenario: | D39: Alternativo
A40: Objetivo | D40: Verificar que las consultas mantengan buen rendimiento con grandes cantidades de registros.
A41: Descripción: | D41: Escenario que evalúa la consulta de un historial de vuelos extenso en la base de datos.
A42: Criterio de éxito: | D42: Las consultas mantienen tiempos de respuesta adecuados.
A43: Fuente del estímulo | C43: Estímulo | E43: Ambiente | G43: Artefacto | I43: Respuesta | K43: Medida de la respuesta | M43: ¿Cumplió? | N43: Tácticas y estrategia
A44: Piloto | C44: Consulta historial extenso | E44: Operación normal | G44: Sistema (API + Frontend) | I44: El sistema optimiza las consultas | K44: Tiempo de respuesta estable | N44: Optimización SQL
A46: Atributo de calidad: | D46: =$A$1 -> Rendimiento
A47: Característica: | D47: =Rendimiento!A4 -> Se requiere que la respuesta de la aplicación ante una solicitud del usuario no supere los 2 segundos en condiciones operativas normales, garantizando una experiencia fluida y ágil.
A48: Identificador del escenario de calidad: | D48: ESC-CAL-REN-0005
A49: Nombre del escenario de calidad: | D49: Tiempo de respuesta del sistema
A50: Tipo escenario: | D50: Básico
A51: Objetivo | D51: Verificar que las solicitudes del usuario sean procesadas rápidamente.
A52: Descripción: | D52: Escenario que evalúa el tiempo de respuesta del sistema cuando un piloto realiza una consulta o registro en la aplicación.
A53: Criterio de éxito: | D53: La información de alertas y resumen se muestra completa en un tiempo razonable.
A54: Fuente del estímulo | C54: Estímulo | E54: Ambiente | G54: Artefacto | I54: Respuesta | K54: Medida de la respuesta | M54: ¿Cumplió? | N54: Tácticas y estrategia
A55: Piloto | C55: Realiza una consulta o registro | E55: Operación normal | G55: Sistema (API + Frontend) | I55: El sistema procesa la solicitud rápidamente | K55: Tiempo de respuesta menor a 2 segundos | N55: Optimización del backend
A57: Atributo de calidad: | D57: =$A$1 -> Rendimiento
A58: Característica: | D58: =Rendimiento!A4 -> Se requiere que la respuesta de la aplicación ante una solicitud del usuario no supere los 2 segundos en condiciones operativas normales, garantizando una experiencia fluida y ágil.
A59: Identificador del escenario de calidad: | D59: ESC-CAL-REN-0006
A60: Nombre del escenario de calidad: | D60: Degradación controlada del rendimiento
A61: Tipo escenario: | D61: Alternativo
A62: Objetivo | D62: Verificar el comportamiento del sistema cuando aumenta la carga.
A63: Descripción: | D63: Escenario que evalúa el tiempo de respuesta del sistema cuando se incrementa el número de solicitudes simultáneas.
A64: Criterio de éxito: | D64: El sistema mantiene tiempos de respuesta aceptables sin fallos.
A65: Fuente del estímulo | C65: Estímulo | E65: Ambiente | G65: Artefacto | I65: Respuesta | K65: Medida de la respuesta | M65: ¿Cumplió? | N65: Tácticas y estrategia
A66: Piloto | C66: Incremento de solicitudes | E66: Operación normal | G66: Sistema (API + Frontend) | I66: El sistema mantiene funcionamiento estable | K66: Tiempo de respuesta dentro de límites aceptables | N66: Manejo concurrente
A68: Atributo de calidad: | D68: =$A$1 -> Rendimiento
A69: Característica: | D69: =Rendimiento!A5 -> Se requiere que las consultas de resumen de horas de vuelo, alertas regulatorias y logbooks estén optimizadas con agregación SQL para reducir tiempos de espera.
A70: Identificador del escenario de calidad: | D70: ESC-CAL-REN-0007
A71: Nombre del escenario de calidad: | D71: Optimización de consultas de resumen
A72: Tipo escenario: | D72: Básico
A73: Objetivo | D73: Verificar que las consultas de resumen se ejecuten eficientemente.
A74: Descripción: | D74: Escenario que evalúa la generación de resúmenes de horas de vuelo y alertas regulatorias mediante consultas SQL agregadas.
A75: Criterio de éxito: | D75: Las consultas se ejecutan en tiempos adecuados.
A76: Fuente del estímulo | C76: Estímulo | E76: Ambiente | G76: Artefacto | I76: Respuesta | K76: Medida de la respuesta | M76: ¿Cumplió? | N76: Tácticas y estrategia
A77: Piloto | C77: Solicita resumen de horas de vuelo | E77: Operación normal | G77: Sistema (API + Frontend) | I77: El sistema ejecuta consulta optimizada | K77: Tiempo de respuesta menor a 2 segundos | N77: Uso de agregación SQL
A79: Atributo de calidad: | D79: =$A$1 -> Rendimiento
A80: Característica: | D80: =Rendimiento!A5 -> Se requiere que las consultas de resumen de horas de vuelo, alertas regulatorias y logbooks estén optimizadas con agregación SQL para reducir tiempos de espera.
A81: Identificador del escenario de calidad: | D81: ESC-CAL-REN-0008
A82: Nombre del escenario de calidad: | D82: Consulta eficiente de alertas regulatorias
A83: Tipo escenario: | D83: Alternativo
A84: Objetivo | D84: Verificar que el cálculo de alertas regulatorias sea eficiente.
A85: Descripción: | D85: Escenario que evalúa el cálculo de alertas regulatorias basadas en horas de vuelo registradas.
A86: Criterio de éxito: | D86: El sistema genera las alertas rápidamente.
A87: Fuente del estímulo | C87: Estímulo | E87: Ambiente | G87: Artefacto | I87: Respuesta | K87: Medida de la respuesta | M87: ¿Cumplió? | N87: Tácticas y estrategia
A88: Piloto | C88: Solicita ver alertas regulatorias | E88: Operación normal | G88: Sistema (API + Frontend) | I88: El sistema calcula alertas eficientemente | K88: Alertas generadas en menos de 2 segundos | N88: Optimización de consultas
A90: Atributo de calidad: | D90: =$A$1 -> Rendimiento
A91: Característica: | D91: =Rendimiento!A6 -> Se requiere que las métricas de rendimiento del servidor sean recolectadas mediante Prometheus sin afectar la experiencia del usuario con la aplicación.
A92: Identificador del escenario de calidad: | D92: ESC-CAL-REN-0009
A93: Nombre del escenario de calidad: | D93: Recolección de métricas del sistema
A94: Tipo escenario: | D94: Básico
A95: Objetivo | D95: Verificar que el sistema permita monitorear su rendimiento.
A96: Descripción: | D96: Escenario que evalúa la recolección de métricas del servidor mediante Prometheus.
A97: Criterio de éxito: | D97: Las métricas del sistema son recolectadas correctamente.
A98: Fuente del estímulo | C98: Estímulo | E98: Ambiente | G98: Artefacto | I98: Respuesta | K98: Medida de la respuesta | M98: ¿Cumplió? | N98: Tácticas y estrategia
A99: Sistema | C99: Consulta endpoint de métricas | E99: Operación normal | G99: Sistema (API + Frontend) | I99: El sistema expone métricas de rendimiento | K99: Métricas disponibles para monitoreo | N99: Integración con Prometheus
A101: Atributo de calidad: | D101: =$A$1 -> Rendimiento
A102: Característica: | D102: =Rendimiento!A6 -> Se requiere que las métricas de rendimiento del servidor sean recolectadas mediante Prometheus sin afectar la experiencia del usuario con la aplicación.
A103: Identificador del escenario de calidad: | D103: ESC-CAL-REN-0010
A104: Nombre del escenario de calidad: | D104: Monitoreo sin impacto en el rendimiento
A105: Tipo escenario: | D105: Alternativo
A106: Objetivo | D106: Verificar que la recolección de métricas no afecte el desempeño del sistema.
A107: Descripción: | D107: Escenario que evalúa el comportamiento del sistema mientras Prometheus recolecta métricas del servidor.
A108: Criterio de éxito: | D108: El monitoreo no afecta la experiencia del usuario.
A109: Fuente del estímulo | C109: Estímulo | E109: Ambiente | G109: Artefacto | I109: Respuesta | K109: Medida de la respuesta | M109: ¿Cumplió? | N109: Tácticas y estrategia
...

Sheet ESC-CAL-SEGURIDAD
A1: Seguridad
A3: Atributo de calidad: | D3: =$A$1 -> Seguridad
A4: Característica: | D4: =Seguridad!A2 -> Se requiere que los usuarios puedan autenticarse mediante un nombre de usuario y una contraseña válidos, permitiendo el acceso a la aplicación solo a personas autorizadas.
A5: Identificador del escenario de calidad: | D5: ESC-CAL-SEG-0001
A6: Nombre del escenario de calidad: | D6: Autenticación de usuarios mediante credenciales
A7: Tipo escenario: | D7: Básico
A8: Objetivo | D8: Verificar que el sistema permita la autenticación de pilotos mediante credenciales válidas.
A9: Descripción: | D9: Escenario que evalúa el proceso de inicio de sesión de un piloto cuando introduce su nombre de usuario y contraseña en la aplicación.
A10: Criterio de éxito: | D10: El usuario se autentica correctamente y accede al sistema.
A11: Fuente del estímulo | C11: Estímulo | E11: Ambiente | G11: Artefacto | I11: Respuesta | K11: Medida de la respuesta | M11: ¿Cumplió? | N11: Tácticas y estrategia
A12: Piloto | C12: Introduce usuario y contraseña | E12: Operación normal | G12: Sistema | I12: El sistema valida las credenciales | K12: Acceso exitoso al sistema | N12: Validación segura de credenciales
A14: Atributo de calidad: | D14: =$A$1 -> Seguridad
A15: Característica: | D15: =Seguridad!A2 -> Se requiere que los usuarios puedan autenticarse mediante un nombre de usuario y una contraseña válidos, permitiendo el acceso a la aplicación solo a personas autorizadas.
A16: Identificador del escenario de calidad: | D16: ESC-CAL-SEG-0002
A17: Nombre del escenario de calidad: | D17: Bloqueo de acceso por credenciales incorrectas
A18: Tipo escenario: | D18: Alternativo
A19: Objetivo | D19: Verificar que el sistema bloquee accesos con credenciales inválidas.
A20: Descripción: | D20: Escenario que evalúa la respuesta del sistema cuando un usuario introduce credenciales incorrectas.
A21: Criterio de éxito: | D21: El acceso es rechazado y se muestra un mensaje de error.
A22: Fuente del estímulo | C22: Estímulo | E22: Ambiente | G22: Artefacto | I22: Respuesta | K22: Medida de la respuesta | M22: ¿Cumplió? | N22: Tácticas y estrategia
A23: Piloto | C23: Introduce credenciales incorrectas | E23: Operación normal | G23: Sistema | I23: El sistema rechaza el acceso | K23: Acceso denegado | N23: Control de autenticación
A25: Atributo de calidad: | D25: =$A$1 -> Seguridad
A26: Característica: | D26: =Seguridad!A3 -> Se requiere que la aplicación permita el registro de nuevos pilotos con validación de correo electrónico (verificación por email via Keycloak) antes de activar la cuenta.
A27: Identificador del escenario de calidad: | D27: ESC-CAL-SEG-0003
A28: Nombre del escenario de calidad: | D28: Registro de nuevos pilotos
A29: Tipo escenario: | D29: Básico
A30: Objetivo | D30: Verificar que los pilotos puedan registrarse en la aplicación.
A31: Descripción: | D31: Escenario que evalúa el proceso de registro de nuevos usuarios en el sistema.
A32: Criterio de éxito: | D32: El usuario completa el registro correctamente.
A33: Fuente del estímulo | C33: Estímulo | E33: Ambiente | G33: Artefacto | I33: Respuesta | K33: Medida de la respuesta | M33: ¿Cumplió? | N33: Tácticas y estrategia
A34: Piloto | C34: Completa formulario de registro | E34: Operación normal | G34: Sistema | I34: El sistema crea la cuenta del usuario | K34: Usuario registrado | N34: Gestión de identidad
A36: Atributo de calidad: | D36: =$A$1 -> Seguridad
A37: Característica: | D37: =Seguridad!A3 -> Se requiere que la aplicación permita el registro de nuevos pilotos con validación de correo electrónico (verificación por email via Keycloak) antes de activar la cuenta.
A38: Identificador del escenario de calidad: | D38: ESC-CAL-SEG-0004
A39: Nombre del escenario de calidad: | D39: Verificación de correo electrónico del usuario
A40: Tipo escenario: | D40: Básico
A41: Objetivo | D41: Verificar que el correo del usuario sea validado antes de activar la cuenta.
A42: Descripción: | D42: Escenario que evalúa el proceso de verificación de correo enviado al piloto.
A43: Criterio de éxito: | D43: La cuenta se activa solo después de verificar el correo.
A44: Fuente del estímulo | C44: Estímulo | E44: Ambiente | G44: Artefacto | I44: Respuesta | K44: Medida de la respuesta | M44: ¿Cumplió? | N44: Tácticas y estrategia
A45: Piloto | C45: Confirma correo recibido | E45: Operación normal | G45: Sistema | I45: El sistema valida el correo | K45: Cuenta activada | N45: Verificación de identidad
A47: Atributo de calidad: | D47: =$A$1 -> Seguridad
A48: Característica: | D48: =Seguridad!A4 -> Se requiere que los usuarios tengan la posibilidad de recuperar su contraseña, ya sea respondiendo preguntas de seguridad previamente configuradas o mediante un enlace enviado al correo electrónico registrado, garantizando la protección frente a accesos indebidos.
A49: Identificador del escenario de calidad: | D49: ESC-CAL-SEG-0005
A50: Nombre del escenario de calidad: | D50: Recuperación de contraseña mediante correo electrónico
A51: Tipo escenario: | D51: Básico
A52: Objetivo | D52: Permitir que el usuario recupere su contraseña en caso de olvido.
A53: Descripción: | D53: Escenario que evalúa el proceso de recuperación de contraseña mediante enlace enviado al correo.
A54: Criterio de éxito: | D54: El usuario puede restablecer su contraseña correctamente.
A55: Fuente del estímulo | C55: Estímulo | E55: Ambiente | G55: Artefacto | I55: Respuesta | K55: Medida de la respuesta | M55: ¿Cumplió? | N55: Tácticas y estrategia
A56: Piloto | C56: Solicita recuperación de contraseña | E56: Operación normal | G56: Sistema | I56: El sistema envía enlace de recuperación | K56: Contraseña restablecida | N56: Recuperación segura
A58: Atributo de calidad: | D58: =$A$1 -> Seguridad
A59: Característica: | D59: =Seguridad!A4 -> Se requiere que los usuarios tengan la posibilidad de recuperar su contraseña, ya sea respondiendo preguntas de seguridad previamente configuradas o mediante un enlace enviado al correo electrónico registrado, garantizando la protección frente a accesos indebidos.
A60: Identificador del escenario de calidad: | D60: ESC-CAL-SEG-0006
A61: Nombre del escenario de calidad: | D61: Recuperación mediante preguntas de seguridad
A62: Tipo escenario: | D62: Básico
A63: Objetivo | D63: Validar la identidad del usuario antes de permitir el restablecimiento de contraseña.
A64: Descripción: | D64: Escenario que evalúa la recuperación de contraseña mediante preguntas de seguridad.
A65: Criterio de éxito: | D65: El usuario responde correctamente las preguntas y restablece su contraseña.
A66: Fuente del estímulo | C66: Estímulo | E66: Ambiente | G66: Artefacto | I66: Respuesta | K66: Medida de la respuesta | M66: ¿Cumplió? | N66: Tácticas y estrategia
A67: Piloto | C67: Responde preguntas de seguridad | E67: Operación normal | G67: Sistema | I67: El sistema valida respuestas | K67: Acceso a cambio de contraseña | N67: Validación de identidad
A69: Atributo de calidad: | D69: =$A$1 -> Seguridad
A70: Característica: | D70: =Seguridad!A5 -> Se requiere que las credenciales de los pilotos sean gestionadas por Keycloak con cifrado seguro, y que los tokens de sesión se transporten como cookies HttpOnly para evitar exposición.
A71: Identificador del escenario de calidad: | D71: ESC-CAL-SEG-0007
A72: Nombre del escenario de calidad: | D72: Protección de credenciales mediante cifrado
A73: Tipo escenario: | D73: Básico
A74: Objetivo | D74: Garantizar que las credenciales estén protegidas.
A75: Descripción: | D75: Escenario que evalúa el almacenamiento seguro de credenciales en el sistema.
A76: Criterio de éxito: | D76: Las credenciales se almacenan cifradas.
A77: Fuente del estímulo | C77: Estímulo | E77: Ambiente | G77: Artefacto | I77: Respuesta | K77: Medida de la respuesta | M77: ¿Cumplió? | N77: Tácticas y estrategia
A78: Sistema | C78: Almacena credenciales | E78: Operación normal | G78: Sistema | I78: El sistema cifra la información | K78: Credenciales protegidas | N78: Cifrado de datos
A80: Atributo de calidad: | D80: =$A$1 -> Seguridad
A81: Característica: | D81: =Seguridad!A5 -> Se requiere que las credenciales de los pilotos sean gestionadas por Keycloak con cifrado seguro, y que los tokens de sesión se transporten como cookies HttpOnly para evitar exposición.
A82: Identificador del escenario de calidad: | D82: ESC-CAL-SEG-0008
A83: Nombre del escenario de calidad: | D83: Protección de sesión con cookies HttpOnly
A84: Tipo escenario: | D84: Básico
A85: Objetivo | D85: Proteger la sesión del usuario contra accesos indebidos.
A86: Descripción: | D86: Escenario que evalúa el almacenamiento del token de sesión en cookies seguras.
A87: Criterio de éxito: | D87: El token se almacena como cookie HttpOnly.
A88: Fuente del estímulo | C88: Estímulo | E88: Ambiente | G88: Artefacto | I88: Respuesta | K88: Medida de la respuesta | M88: ¿Cumplió? | N88: Tácticas y estrategia
A89: Sistema | C89: Genera sesión autenticada | E89: Operación normal | G89: Sistema | I89: El sistema guarda token en cookie segura | K89: Cookie HttpOnly activa | N89: Seguridad de sesión
A91: Atributo de calidad: | D91: =$A$1 -> Seguridad
A92: Característica: | D92: =Seguridad!A6 -> Se requiere que la aplicación implemente control de acceso basado en roles (RBAC), donde solo los administradores puedan gestionar aerolíneas, rutas y aeronaves, y los pilotos accedan únicamente a sus datos de vuelo.
A93: Identificador del escenario de calidad: | D93: ESC-CAL-SEG-0009
A94: Nombre del escenario de calidad: | D94: Acceso a funcionalidades según rol
A95: Tipo escenario: | D95: Básico
A96: Objetivo | D96: Garantizar que los usuarios accedan solo a las funciones autorizadas.
A97: Descripción: | D97: Escenario que evalúa el acceso a funcionalidades dependiendo del rol del usuario.
A98: Criterio de éxito: | D98: Cada usuario accede únicamente a las funciones permitidas.
A99: Fuente del estímulo | C99: Estímulo | E99: Ambiente | G99: Artefacto | I99: Respuesta | K99: Medida de la respuesta | M99: ¿Cumplió? | N99: Tácticas y estrategia
A100: Piloto | C100: Accede a módulo del sistema | E100: Operación normal | G100: Sistema | I100: El sistema valida rol | K100: Acceso permitido | N100: Control de acceso
A102: Atributo de calidad: | D102: =$A$1 -> Seguridad
A103: Característica: | D103: =Seguridad!A6 -> Se requiere que la aplicación implemente control de acceso basado en roles (RBAC), donde solo los administradores puedan gestionar aerolíneas, rutas y aeronaves, y los pilotos accedan únicamente a sus datos de vuelo.
A104: Identificador del escenario de calidad: | D104: ESC-CAL-SEG-0010
A105: Nombre del escenario de calidad: | D105: Bloqueo de acceso a funciones no autorizadas
A106: Tipo escenario: | D106: Básico
A107: Objetivo | D107: Evitar accesos a funcionalidades restringidas.
A108: Descripción: | D108: Escenario que evalúa el intento de acceso de un piloto a funciones administrativas.
A109: Criterio de éxito: | D109: El sistema bloquea el acceso.
A110: Fuente del estímulo | C110: Estímulo | E110: Ambiente | G110: Artefacto | I110: Respuesta | K110: Medida de la respuesta | M110: ¿Cumplió? | N110: Tácticas y estrategia
...
