Workbook

Sheet Valores
A1: Tipo | B1: Contextos | C1: Estado | D1: Respuesta | E1: Tipo Dato | F1: Tipo Redondeo
A2: Referenciado | B2: Flight Hours | C2: Activo | D2: SI | E2: Carácter | F2: Truncar
A3: Propio | C3: Inactivo | D3: NO | E3: Texto | F3: Por debajo
E4: Alfanumérico | F4: Por encima
E5: Numérico Entero
E6: Numérico Decimal
E7: Lógico
E8: Fecha
E9: Fecha/Hora
E10: País
E11: Departamento
E12: Ciudad
E13: Tipo Aeropuerto
E14: Aeropuerto
E15: Ruta
E16: Vuelo
... E32: Bitácora Diaria

Sheet Modelo Dominio Anémico

Sheet Objetos Dominio
A1: << Modelo de dominio
A2: Nombre | B2: Tipo | C2: Contexto Origen | D2: Descripción | E2: Muestreo Datos | F2: Caracterización
A3: Aerolínea | B3: Propio | C3: Flight Hours | D3: Objeto de dominio que representa aquel grupo de personas expertas en mantenimiento , dominio y control tanto en lo social como en lo aeronáutico para un bien común. | E3: Ver | F3: Ver
A4: Aeropuerto | B4: Referenciado | D4: Objeto de dominio que representa a cada uno de los aeropuertos que están ubicados dentro de una ciudad. | E4: Ver | F4: Ver
A5: Bitácora Diaria | B5: Referenciado | D5: Objeto de dominio que representa la fecha, el empleado y pagina del libro sobre el vuelo realizado. | E5: Ver | F5: Ver
A6: Ciudad | B6: Referenciado | D6: Objeto de dominio que representa a cada una de las ciudades de los departamentos que pertenecen a un país, donde están ubicados los aeropuertos. | E6: Ver | F6: Ver
A7: Departamento | B7: Referenciado | D7: Objeto de dominio que representa a cada uno de los departamentos que pertenecen a un país, donde están ubicadas las ciudades a las que pertenecen los aeropuertos. | E7: Ver | F7: Ver
A8: Detalle Bitácora Diaria | B8: Referenciado | D8: Objeto de dominio que representa a quien pertenece la bitácora, la información del vuelo, la matrícula de la aeronave, la tripulación y que rango tienen, las horas de vuelo y su total. | E8: Ver | F8: Ver
A9: Empleado | B9: Propio | C9: Flight Hours | D9: Objeto de dominio que representa el nombre y el código de la persona que trabaja en la aerolínea | E9: Ver | F9: Ver
A10: Empleado Aerolínea | B10: Referenciado | D10: Objeto de dominio que representa el nombre y la fecha de inicio y salida y vigencia de ese empleado en la aerolínea asignada | E10: Ver | F10: Ver
A11: Fabricante | B11: Propio | C11: Flight Hours | D11: Objeto de dominio que representa al fabricante del avión | E11: Ver | F11: Ver
A12: Familia | B12: Referenciado | D12: Objeto de dominio que representa la familia a la que pertenece el avión | E12: Ver | F12: Ver
A13: Matricula | B13: Referenciado | D13: Objeto de domino que representa un código asignado a la aeronave por un país | E13: Ver | F13: Ver
A14: Modelo | B14: Referenciado | D14: Objeto de dominio que representa el tipo motor y nombre de la aeronave | E14: Ver | F14: Ver
A15: Motor | B15: Propio | C15: Flight Hours | D15: Objeto de dominio que representa que tipo de motor tiene el avión | E15: Ver | F15: Ver
A16: País | B16: Propio | C16: Flight Hours | D16: Objeto de dominio que representa a cada uno de los países donde están ubicados los aeropuertos. | E16: Ver | F16: Ver
A17: Ruta | B17: Referenciado | D17: Objeto de dominio que representa el origen y destino de un vuelo de un aeropuerto a otro realizado por una aerolínea nacional o internacionalmente | E17: Ver | F17: Ver
A18: Ruta Aerolínea | B18: Referenciado | D18: Objeto de dominio que representa el trayecto que realiza un avión de una aerolínea en una cantidad determinada de vuelos | E18: Ver | F18: Ver
A19: Tipo | B19: Referenciado | D19: Objeto de dominio que representa el tipo de aeronaves | E19: Ver | F19: Ver
A20: Tipo Aeropuerto | B20: Propio | C20: Flight Hours | D20: Objeto de dominio que representa el tipo de aeropuerto | E20: Ver | F20: Ver
A21: Tipo Integrante | B21: Propio | C21: Flight Hours | D21: Objeto de dominio que clasifica que característica principal debe llevar un integrante que pertenece a una tripulación. | E21: Ver | F21: Ver
A22: Vuelo | B22: Referenciado | D22: Objeto de dominio que representa el viaje realizado en un avión por una aerolínea | E22: Ver | F22: Ver

Sheet Aerolinea_Caracterización
A1: << Modelo de dominio | B1: << Objetos de dominio | C1: << Muestreo Datos
A2: ='Objetos Dominio'!$A$2 -> Nombre | B2: ='Objetos Dominio'!$A$3 -> Aerolínea
A3: ='Objetos Dominio'!$B$2 -> Tipo | B3: ='Objetos Dominio'!$B$3 -> Propio
A4: ='Objetos Dominio'!$C$2 -> Contexto Origen | B4: ='Objetos Dominio'!$C$3 -> Flight Hours
A5: ='Objetos Dominio'!$D$2 -> Descripción | B5: ='Objetos Dominio'!$D$3 -> Objeto de dominio que representa aquel grupo de personas expertas en mantenimiento , dominio y control tanto en lo social como en lo aeronáutico para un bien común.
A6: Atributo | B6: Tipo de Dato | C6: Longitud mínima | D6: Longitud máxima | E6: Precisión | F6: Cantidad cifras redondeo | G6: Tipo redondeo | H6: Rango Inicial | I6: Rango Final | J6: Formato | K6: Valor por defecto | L6: Regla especial | M6: ¿Quitar espacios en blanco al inicio? | N6: ¿Quitar espacios en blanco al final? | O6: ¿Auto generado? | P6: ¿Calculado? | Q6: ¿Obligatorio? | R6: ¿Modificable? | S6: ¿Sensible? | T6: ¿Identifica al registro? | U6: Descripción | V6: =A28 -> Consultar la Información de la Aerolínea | W6: =A30 -> Inactivar la Aerolínea | X6: =A33 -> Activar la Aerolínea
A7: =Aerolinea_Muestreo!$A$3 -> Id | B7: Alfanumérico | C7: 36 | D7: 36 | J7: XXXXXXXX-XXXX-XXXX-XXXX-XXXXXXXXXXXX Donde X es cualquier digito o una letra de la "A" a la "F" | M7: SI | N7: SI | O7: SI | P7: NO | Q7: SI | R7: NO | S7: NO | T7: SI | U7: =Aerolinea_Muestreo!$A$2 -> Corresponde a un identificador único del parámetro dentro del objeto de dominio Parámetro. | V7: Filtro/Listar/ No Mostrar | W7: Requerido | X7: Requerido
A8: =Aerolinea_Muestreo!$B$3 -> Nombre | B8: Alfanumérico | C8: 1 | D8: 30 | J8: Cualquier cadena que incluye caracteres alfanuméricos, espacios, tildes(A-Z / a-z) | M8: SI | N8: SI | O8: NO | P8: NO | Q8: SI | R8: NO | S8: NO | T8: NO | U8: =Aerolinea_Muestreo!$B$2 -> Corresponde al nombre de la aerolínea. | V8: Filtro/Listar/Mostrar[Orden{1}/CriterioOrdenamiento{1, ASC}/BusquedaGeneral{SI}/Ordenador{SI}/Reordenamiento{NO}] | W8: NO Requerido | X8: NO Requerido
A9: =Aerolinea_Muestreo!$C$3 -> Código | B9: Alfanumérico | C9: 2 | D9: 3 | J9: Cualquier cadena de caracteres, formado por letras mayúsculas(A-Z). | M9: SI | N9: SI | O9: NO | P9: NO | Q9: SI | R9: NO | S9: NO | T9: NO | U9: =Aerolinea_Muestreo!$C$2 -> Corresponde al código de la aerolínea. | V9: Filtro/Listar/Mostrar[Orden{2}/BusquedaGeneral{SI}/Ordenador{NO}/Reordenamiento{NO}] | W9: NO Requerido | X9: NO Requerido
A10: =Aerolinea_Muestreo!$D$3 -> Estado | B10: Lógico | C10: 6 | D10: 8 | J10: Cualquier cadena de caracteres, formado por letras mayúsculas(A-Z). | M10: SI | N10: SI | O10: NO | P10: NO | Q10: SI | R10: NO | S10: NO | T10: NO | U10: =Aerolinea_Muestreo!$D$2 -> Indica el estado operativo de la aerolínea | V10: Filtro/Listar/No Mostrar | W10: Requerido | X10: Requerido
A14: Combinaciones únicas
A15: Nombre combinación | B15: Descripción | C15: Atributos
A16: Código único | B16: =Aerolinea_Muestreo!E2 -> El código de la aerolínea no se puede repetir. | C16: =A9 -> Código
A17: Nombre único | B17: =Aerolinea_Muestreo!F2 -> El nombre de la aerolínea no se puede repetir. | C17: =A8 -> Nombre
A26: Responsabilidad | B26: Descripción | D26: Entradas | G26: Salida | H26: Políticas (Reglas de Negocio) | J26: Excepción
C27: Parámetro | D27: Tipo de dato | E27: Descripción | F27: Tipo de Dato | G27: Descripción | H27: Política | I27: Descripción | J27: Detalle | K27: ¿Qué hago?
A28: Consultar la Información de la Aerolínea | B28: Permite consultar los detalles de una aerolínea | C28: Filtro | D28: Aerolínea | E28: Contiene la información de los filtros que servirán como base para llevar a cabo la consulta de la información | F28: Lista<Aerolínea> | G28: Contiene la información de todas las Aerolíneas que cumplen con el filtro de consulta | H28: Aerolínea -POL-0001 | I28: Asegurar que los datos que fueron enviados como filtro para llevar a cabo la acción sean válidos a nivel de tipo de dato, longitud, obligatoriedad, formato y rango. | J28: Generar una excepción indicándole al usuario que existen problemas con los datos y de ser posible indicarle cómo solucionarlos. | K28: Detener operación
A30: Inactivar la Aerolínea | B30: Permite inactivar una aerolínea | C30: Id | D30: Alfanumérico | E30: Contiene la información del identificador de la aerolínea para la cual se va a modificar la información | H30: Aerolínea -POL-0003 | I30: La Aerolínea debe estar previamente activada | J30: Generar una excepción indicándole al usuario que existen problemas con los datos y de ser posible indicarle cómo solucionarlos. | K30: Detener operación
H31: Aerolínea -POL-0002 | I31: La Aerolínea debe estar previamente registrada | J31: Generar una excepción indicándole al usuario que existen problemas con los datos y de ser posible indicarle cómo solucionarlos. | K31: Detener operación
C32: Estado | D32: Lógico | E32: Contiene el estado lógico que se le puede modificar a una Aerolínea | H32: Aerolínea -POL-0001 | I32: Asegurar que los datos que fueron enviados como filtro para llevar a cabo la acción sean válidos a nivel de tipo de dato, longitud, obligatoriedad, formato y rango. | J32: Generar una excepción indicándole al usuario que existen problemas con los datos y de ser posible indicarle cómo solucionarlos. | K32: Detener operación
A33: Activar la Aerolínea | B33: Permite activar una aerolínea | C33: id | D33: Alfanumérico | E33: Contiene la información del identificador de la aerolínea para la cual se va a modificar la información | H33: Aerolinea -POL-0003 | I33: La Aerolínea debe estar previamente inactivada | J33: Generar una excepción indicándole al usuario que existen problemas con los datos y de ser posible indicarle cómo solucionarlos. | K33: Detener operación
H34: Aerolínea -POL-0002 | I34: La Aerolínea debe estar previamente registrada | J34: Generar una excepción indicándole al usuario que existen problemas con los datos y de ser posible indicarle cómo solucionarlos. | K34: Detener operación
C35: Estado | D35: Lógico | E35: Contiene el estado lógico que se le puede modificar a una Aerolínea | H35: Aerolínea -POL-0001 | I35: Asegurar que los datos que fueron enviados como filtro para llevar a cabo la acción sean válidos a nivel de tipo de dato, longitud, obligatoriedad, formato y rango. | J35: Generar una excepción indicándole al usuario que existen problemas con los datos y de ser posible indicarle cómo solucionarlos. | K35: Detener operación

Sheet Aerolinea_Muestreo
A1: << Modelo de dominio | B1: << Objetos de dominio | C1: Caracterización objeto >>
A2: Corresponde a un identificador único del parámetro dentro del objeto de dominio Parámetro. | B2: Corresponde al nombre de la aerolínea. | C2: Corresponde al código de la aerolínea. | D2: Indica el estado operativo de la aerolínea | E2: El código de la aerolínea no se puede repetir. | F2: El nombre de la aerolínea no se puede repetir.
A3: Id | B3: Nombre | C3: Código | D3: Estado | E3: Combinación única 1 | F3: Combinación única 2
A4: 8574C2C9-DAED-4E5A-93E5-8EDF2661496D | B4: Latam Airlines | C4: LA | D4: Activa | E4: =_xlfn.CONCAT(C4) -> LA | F4: =_xlfn.CONCAT(B4) -> Latam Airlines
A5: 6633A10F-08FA-4F2C-A70A-19B160E486FA | B5: Avianca | C5: AV | D5: Activa | E5: =_xlfn.CONCAT(C5) -> AV | F5: =_xlfn.CONCAT(C5,"-",B5) -> AV-Avianca

Sheet Aeropuerto_Caracterización 
A1: << Modelo de dominio | B1: << Objetos de dominio | C1: << Muestreo Datos
A2: ='Objetos Dominio'!$A$2 -> Nombre | B2: ='Objetos Dominio'!$A$4 -> Aeropuerto
A3: ='Objetos Dominio'!$B$2 -> Tipo | B3: ='Objetos Dominio'!$B$7 -> Referenciado
A4: ='Objetos Dominio'!$C$2 -> Contexto Origen | B4: ='Objetos Dominio'!$C$7 -> 0
A5: ='Objetos Dominio'!$D$2 -> Descripción | B5: ='Objetos Dominio'!$D$4 -> Objeto de dominio que representa a cada uno de los aeropuertos que están ubicados dentro de una ciudad.
A6: Atributo | B6: Tipo de Dato | C6: Longitud mínima | D6: Longitud máxima | E6: Precisión | F6: Cantidad cifras redondeo | G6: Tipo redondeo | H6: Rango Inicial | I6: Rango Final | J6: Formato | K6: Valor por defecto | L6: Regla especial | M6: ¿Quitar espacios en blanco al inicio? | N6: ¿Quitar espacios en blanco al final? | O6: ¿Auto generado? | P6: ¿Calculado? | Q6: ¿Obligatorio? | R6: ¿Modificable? | S6: ¿Sensible? | T6: ¿Identifica al registro? | U6: Descripción | V6: =A35 -> Consultar la Información del Aeropuerto | W6: =A36 -> Activar el aeropuerto | X6: =A38 -> Inactivar el aeropuerto
A7: ='Aeropuerto_Muestreo '!A3 -> id | B7: Alfanumérico | C7: 36 | D7: 36 | J7: XXXXXXXX-XXXX-XXXX-XXXX-XXXXXXXXXXXX donde X es cualquier digito o una letra de la "A" a la "Z" | M7: SI | N7: SI | O7: SI | P7: NO | Q7: SI | R7: NO | S7: NO | T7: SI | U7: ='Aeropuerto_Muestreo '!A2 -> Corresponde a un identificador único del aeropuerto del objeto de dominio Aeropuerto. | V7: Filtro/Listar/ No Mostrar | W7: Requerido | X7: Requerido
A8: ='Aeropuerto_Muestreo '!B3 -> Nombre | B8: Alfanumérico | C8: 27 | D8: 50 | J8: Cualquier cadena que incluye caracteres alfanuméricos, espacios, tildes(A-Z / a-z) | M8: SI | N8: SI | O8: NO | P8: NO | Q8: SI | R8: SI | S8: NO | T8: NO | U8: ='Aeropuerto_Muestreo '!B2 -> Corresponde al nombre del aeropuerto . | V8: Filtro/Listar/Mostrar[Orden{1}/CriterioOrdenamiento{1, ASC}/BusquedaGeneral{SI}/Ordenador{NO}/Reordenamiento{NO}] | W8: No Requerido | X8: No Requerido
A9: ='Aeropuerto_Muestreo '!C3 -> Código Iata | B9: Alfanumérico | C9: 3 | D9: 3 | J9: X donde x puede ser caracteres, formado por letras mayúsculas(A-Z). | M9: NO | N9: NO | O9: NO | P9: NO | Q9: SI | R9: SI | S9: NO | T9: NO | U9: ='Aeropuerto_Muestreo '!C2 -> Código que identifica al aeropuerto, ciudades de origen y destino | V9: Filtro/Listar/Mostrar[Orden{3}/CriterioOrdenamiento{1, ASC}/BusquedaGeneral{SI}/Ordenador{NO}/Reordenamiento{NO}] | W9: No Requerido | X9: No Requerido
A10: ='Aeropuerto_Muestreo '!D3 -> Estado | B10: Lógico | C10: 6 | D10: 12 | J10: Cualquier cadena que incluye caracteres alfanuméricos, espacios, tildes(a-z) | M10: NO | N10: NO | O10: NO | P10: NO | Q10: SI | R10: SI | S10: NO | T10: NO | U10: ='Aeropuerto_Muestreo '!D2 -> Indica el estado operativo de la aerolínea | V10: Filtro/Listar/Mostrar[Orden{4}/BusquedaGeneral{NO}/Ordenador{NO}/Reordenamiento{NO} ] | W10: Requerido | X10: Requerido
A11: ='Aeropuerto_Muestreo '!E3 -> Tipo Aeropuerto | B11: Tipo Aeropuerto | M11: NO | N11: NO | O11: NO | P11: NO | Q11: SI | R11: SI | S11: NO | T11: NO | U11: ='Aeropuerto_Muestreo '!E2 -> Corresponde al tipo del aeropuerto | V11: Filtro/Listar/Mostrar[Orden{5}/BusquedaGeneral{SI}/Ordenador{NO}/Reordenamiento{NO}PropiedadesMostrar{ TipoAeroperto.Nombre}] | W11: No Requerido | X11: No Requerido
A20: Combinaciones únicas
A21: Nombre combinación | B21: Descripción | C21: Atributos
A22: Aeropuerto por código Iata | B22: ='Aeropuerto_Muestreo '!F2 -> El Código Iata de un aeropuerto solo puede estar una vez. | C22: =A9 -> Código Iata
A23: Tipo captura por libro única
A33: Responsabilidad | B33: Descripción | D33: Entradas | G33: Salida | H33: Políticas (Reglas de Negocio) | J33: Excepción
C34: Parámetro | D34: Tipo de dato | E34: Descripción | F34: Tipo de Dato | G34: Descripción | H34: Política | I34: Descripción | J34: Detalle | K34: ¿Qué hago?
A35: Consultar la Información del Aeropuerto | B35: Permite obtener la información del aeropuerto | C35: filtro | D35: Aeropuerto | E35: Contiene la información de los filtros que servirán como base para llevar a cabo la consulta de la información | F35: Lista<Aeropuerto> | G35: Contiene la información de todos los aeropuertos que cumplen con el filtro de consulta | H35: Aerolínea -POL-0004 | I35: Asegurar que los datos que fueron enviados como filtro para llevar a cabo la acción sean válidos a nivel de tipo de dato, longitud, obligatoriedad, formato y rango. | J35: Generar una excepción indicándole al usuario que no tiene permisos para consultar la información | K35: Detener operación
A36: Activar el aeropuerto | B36: Permite activar el aeropuerto | C36: Id | D36: Alfanumérico | E36: Contiene la información del identificador de la aeropuerto para la cual se va a modificar la información | H36: Aerolínea -POL-0003 | I36: Para activar un aeropuerto primero debe estar desactivado | J36: Generar una excepción indicándole al usuario que existen problemas con los datos y de ser posible indicarle cómo solucionarlos. | K36: Detener operación
C37: Estado | D37: Lógico | E37: Contiene el estado lógico que se le puede modificar un Aeropuerto | H37: Aerolínea -POL-0001 | I37: Asegurar que los datos requeridos para llevar a cabo la acción sean válidos a nivel de tipo de dato, longitud, obligatoriedad, formato y rango. | J37: Generar una excepción indicándole al usuario que existen problemas con los datos y de ser posible indicarle cómo solucionarlos. | K37: Detener operación
A38: Inactivar el aeropuerto | B38: Permite inactivar el aeropuerto | C38: id | D38: Alfanumérico | E38: Contiene la información del identificador del aeropuerto para la cual se va a modificar la información | H38: Aerolínea -POL-0002 | I38: Para desactivar un aeropuerto primero debe estar activo | J38: Generar una excepción indicándole al usuario que existen problemas con los datos y de ser posible indicarle cómo solucionarlos. | K38: Detener operación
C39: Estado | D39: Lógico | E39: Contiene el estado lógico que se le puede modificar a un Aeropuerto | H39: Aerolínea -POL-0001 | I39: Asegurar que los datos requeridos para llevar a cabo la acción sean válidos a nivel de tipo de dato, longitud, obligatoriedad, formato y rango. | J39: Generar una excepción indicándole al usuario que existen problemas con los datos y de ser posible indicarle cómo solucionarlos. | K39: Detener operación

Sheet Aeropuerto_Muestreo 
A1: << Modelo de dominio | B1: << Objetos de dominio
A2: Corresponde a un identificador único del aeropuerto del objeto de dominio Aeropuerto. | B2: Corresponde al nombre del aeropuerto . | C2: Código que identifica al aeropuerto, ciudades de origen y destino | D2: Indica el estado operativo de la aerolínea | E2: Corresponde al tipo del aeropuerto | F2: El Código Iata de un aeropuerto solo puede estar una vez.
A3: id | B3: Nombre | C3: Código Iata | D3: Estado | E3: Tipo Aeropuerto | F3: Combinación única
A4: D2B278DF-5924-4D3D-AF73-2ABB758ED0D2 | B4: José María Córdova | C4: MDE | D4: Activo | E4: =TipoAeropuerto_Muestreo!C5 -> Internacional | F4: =_xlfn.CONCAT(C4) -> MDE
A5: 6F3794C7-D7BD-47CC-A4C7-39D68A90D40F | B5: El Dorado | C5: BOG | D5: Activo | E5: =TipoAeropuerto_Muestreo!C5 -> Internacional | F5: =_xlfn.CONCAT(C5) -> BOG
A6: 0FC88418-DB9C-48EF-B3BE-4177FAB7CDF1 | B6: Olaya Herrera | C6: EOH | D6: Activo | E6: =TipoAeropuerto_Muestreo!C4 -> Nacional | F6: =_xlfn.CONCAT(C6) -> EOH
A7: 140E5509-8D5A-427F-922C-503936CD9858 | B7: Alfonso Bonilla Aragón | C7: CLO | D7: Activo | E7: =TipoAeropuerto_Muestreo!$C$5 -> Internacional | F7: =_xlfn.CONCAT(C7) -> CLO
A8: C5F98B68-C33D-4A8C-8F45-56539A487AC0 | B8: Ernesto Cortissoz | C8: BAQ | D8: Activo | E8: =TipoAeropuerto_Muestreo!$C$5 -> Internacional | F8: =_xlfn.CONCAT(C8) -> BAQ
A9: E2EE8162-5402-46FD-8102-5A33774DB38D | B9: Rafael Núñez | C9: CTG | D9: Activo | E9: =TipoAeropuerto_Muestreo!$C$5 -> Internacional | F9: =_xlfn.CONCAT(C9) -> CTG
A10: 7A9FAF10-985E-49A0-8FE1-729D9E4A445D | B10: Simón Bolívar | C10: SMR | D10: Activo | E10: =TipoAeropuerto_Muestreo!$C$5 -> Internacional | F10: =_xlfn.CONCAT(C10) -> SMR
A11: 4E94BB12-36F2-476F-BF79-B6450F821DB3 | B11: Matecaña | C11: PEI | D11: Activo | E11: =TipoAeropuerto_Muestreo!$C$5 -> Internacional | F11: =_xlfn.CONCAT(C11) -> PEI
A12: C3CE82BA-978A-44F8-943F-A6ED196DA94C | B12: Alfredo Vásquez Cobo | C12: LET | D12: Activo | E12: =TipoAeropuerto_Muestreo!$C$5 -> Internacional | F12: =_xlfn.CONCAT(C12) -> LET
A13: 2B64DE30-3E8A-4553-A86A-41241286288E | B13: Alfonso López Pumarejo | C13: VUP | D13: Activo | E13: =TipoAeropuerto_Muestreo!$C$5 -> Internacional | F13: =_xlfn.CONCAT(C13) -> VUP
A14: A881310E-568C-4EE9-ACCD-8AFA24006380 | B14: Camilo Daza | C14: CUC | D14: Activo | E14: =TipoAeropuerto_Muestreo!$C$5 -> Internacional | F14: =_xlfn.CONCAT(C14) -> CUC
A15: 924265BE-6259-4682-B94C-9AF0247121EE | B15: Palonegro | C15: BGA | D15: Activo | E15: =TipoAeropuerto_Muestreo!$C$5 -> Internacional | F15: =_xlfn.CONCAT(C15) -> BGA
A16: 8B4AE87B-BBBE-4A31-B928-418B604134B2 | B16: Antonio Nariño | C16: PSO | D16: Activo | E16: =TipoAeropuerto_Muestreo!$C$4 -> Nacional | F16: =_xlfn.CONCAT(C16) -> PSO
A17: C05C6FF2-0C62-4F05-A8F9-2605E5422C83 | B17: El Alcaraván | C17: EYP | D17: Activo | E17: =TipoAeropuerto_Muestreo!$C$5 -> Internacional | F17: =_xlfn.CONCAT(C17) -> EYP
A18: CA593CA2-2EB1-4483-8E56-C6B594329F42 | B18: El Edén | C18: AXM | D18: Activo | E18: =TipoAeropuerto_Muestreo!$C$5 -> Internacional | F18: =_xlfn.CONCAT(C18) -> AXM
A19: 8F2A4379-3CE8-4619-AC2C-DE4EC30F2F21 | B19: los Garzones | C19: MTR | D19: Activo | E19: =TipoAeropuerto_Muestreo!$C$4 -> Nacional | F19: =_xlfn.CONCAT(C19) -> MTR
A20: CC97AE1F-A628-41C1-B8FE-65C78E09A4D0 | B20: Gustavo Rojas Pinilla | C20: ADZ | D20: Activo | E20: =TipoAeropuerto_Muestreo!$C$5 -> Internacional | F20: =_xlfn.CONCAT(C20) -> ADZ
A21: 2E4F8A6D-5B91-42C3-8F7A-91C2D3E4F5A6 | B21: Internacional de Miami | C21: MIA | D21: Activo | E21: =TipoAeropuerto_Muestreo!$C$5 -> Internacional | F21: =_xlfn.CONCAT(C21) -> MIA

Sheet BitacoraDiaria_Caracterización 
A1: << Modelo de dominio | B1: << Objetos de dominio | C1: << Muestreo Datos
A2: ='Objetos Dominio'!$A$2 -> Nombre | B2: ='Objetos Dominio'!A5 -> Bitácora Diaria
A3: ='Objetos Dominio'!$B$2 -> Tipo | B3: ='Objetos Dominio'!$B$5 -> Referenciado
A4: ='Objetos Dominio'!$C$2 -> Contexto Origen | B4: ='Objetos Dominio'!$C$5 -> 0
A5: ='Objetos Dominio'!$D$2 -> Descripción | B5: ='Objetos Dominio'!$D$5 -> Objeto de dominio que representa la fecha, el empleado y pagina del libro sobre el vuelo realizado.
A6: Atributo | B6: Tipo de Dato | C6: Longitud mínima | D6: Longitud máxima | E6: Precisión | F6: Cantidad cifras redondeo | G6: Tipo redondeo | H6: Rango Inicial | I6: Rango Final | J6: Formato | K6: Valor por defecto | L6: Regla especial | M6: ¿Quitar espacios en blanco al inicio? | N6: ¿Quitar espacios en blanco al final? | O6: ¿Auto generado? | P6: ¿Calculado? | Q6: ¿Obligatorio? | R6: ¿Modificable? | S6: ¿Sensible? | T6: ¿Identifica al registro? | U6: Descripción | V6: =A21 -> Consultar la Información de la Bitácora Diaria | W6: =A23 -> Agregar la Información de la Bitácora Diaria | X6: =A27 -> Editar Información Bitácora Diaria | Y6: =A30 -> Editar la Informacion de la Bitacora Diaria | Z6: =A32 -> Activar la Bitácora Diaria | AA6: =A34 -> Inactivar la Bitácora Diaria
A7: ='BitacoraDiaria_Muestreo '!A3 -> Id | B7: Alfanumérico | C7: 36 | D7: 36 | J7: XXXXXXXX-XXXX-XXXX-XXXX-XXXXXXXXXXXX donde X es cualquier digito o una letra de la "A" a la "F" | M7: SI | N7: SI | O7: SI | P7: NO | Q7: SI | R7: NO | S7: NO | T7: SI | U7: ='BitacoraDiaria_Muestreo '!A2 -> Corresponde a un identificador único de la cuenta dentro del objeto de dominio | V7: Filtro/Listar/ No Mostrar | W7: Requerido | X7: Requerido / No modificable | Y7: Requerido | Z7: Requerido | AA7: Requerido
A8: ='BitacoraDiaria_Muestreo '!B3 -> Fecha | B8: Fecha | C8: 10 | D8: 10 | M8: SI | N8: SI | O8: NO | P8: NO | Q8: SI | R8: SI | S8: NO | T8: NO | U8: ='BitacoraDiaria_Muestreo '!B2 -> Corresponde a la fecha de la bitácora | V8: Filtro/Listar/Mostrar[Orden{1}/CriterioOrdenamiento{1, ASC}/BusquedaGeneral{SI}/Ordenador{NO}/Reordenamiento{NO}] | W8: Requerido | X8: Requerido / modificable | Y8: No Requerido | Z8: No Requerido | AA8: No Requerido
A9: ='BitacoraDiaria_Muestreo '!C3 -> Empleado Aerolínea | B9: EmpleadoAerolinea | M9: SI | N9: SI | O9: NO | P9: NO | Q9: SI | R9: SI | S9: NO | T9: NO | U9: ='BitacoraDiaria_Muestreo '!C2 -> Corresponde al nombre del empleado de la aerolínea que llena la bitácora | V9: Filtro/Listar/Mostrar[Orden{2}/CriterioOrdenamiento{1, ASC}/BusquedaGeneral{SI}/Ordenador{NO}/Reordenamiento{NO} /PropiedadesMostrar{ Empleado.numeroIdentificacion, Empleado.Aerolinea}] | W9: Requerido | X9: Requerido / modificable | Y9: No Requerido | Z9: No Requerido | AA9: No Requerido
A10: ='BitacoraDiaria_Muestreo '!D3 -> Pagina Libro | B10: Numérico Entero | C10: 9 | D10: 50 | M10: SI | N10: SI | O10: NO | P10: NO | Q10: SI | R10: SI | S10: NO | T10: NO | U10: ='BitacoraDiaria_Muestreo '!D2 -> Corresponde a la página del libro del empleado | V10: Filtro/Listar/Mostrar[Orden{3}/BusquedaGeneral{SI}/Ordenador{SI}/Reordenamiento{NO}] | W10: Requerido | X10: Requerido / modificable | Y10: No Requerido | Z10: No Requerido | AA10: No Requerido
A11: ='BitacoraDiaria_Muestreo '!E3 -> Estado | B11: Alfanumérico | C11: 6 | D11: 12 | J11: Cualquier cadena que incluye caracteres alfanuméricos, espacios, tildes(a-z) | M11: SI | N11: SI | O11: NO | P11: NO | Q11: SI | R11: SI | S11: NO | T11: NO | U11: ='BitacoraDiaria_Muestreo '!E2 -> Indica el estado operativo de la bitácora | V11: Filtro/Listar/ No Mostrar | W11: Requerido | X11: Requerido / modificable | Y11: No Requerido | Z11: No Requerido | AA11: No Requerido
A14: Combinaciones únicas
A15: Nombre combinación | B15: Descripción | C15: Atributos
A16: Nombre único | B16: ='BitacoraDiaria_Muestreo '!F2 -> El nombre del empleado y la fecha de la bitácora no puede repetirse. | C16: =A8 -> Fecha
C17: =A9 -> Empleado Aerolínea
A19: Responsabilidad | B19: Descripción | D19: Entradas | G19: Salida | H19: Políticas (Reglas de Negocio) | J19: Excepción
C20: Parámetro | D20: Tipo de dato | E20: Descripción | F20: Tipo de Dato | G20: Descripción | H20: Política | I20: Descripción | J20: Detalle | K20: ¿Qué hago?
A21: Consultar la Información de la Bitácora Diaria | B21: Permite obtener toda la información de la matricula | C21: Filtro | D21: BitacoraDiaria | E21: Contiene la información de los filtros que servirán como base para llevar a cabo la consulta de la información | F21: Lista<BiracoraDiaria> | G21: Contiene la información de la página de la bitácora diaria que cumplen con el filtro de consulta | H21: Bitácora Diaria - POL-0001 | I21: Asegurar que los datos que fueron enviados como filtro para llevar a cabo la acción sean válidos a nivel de tipo de dato, longitud, obligatoriedad, formato y rango. | J21: Generar una excepción indicándole al usuario que existen problemas con los datos y de ser posible indicarle cómo solucionarlos. | K21: Detener operación
A23: Agregar la Información de la Bitácora Diaria | B23: Permite registrar toda la información de la bitácora de un piloto | C23: Datos | D23: BitacoraDiaria | E23: Contiene los datos que se van a registrar dentro de la bitácora diaria | H23: Bitácora Diaria-Pol-0007 | I23: Asegurar que los datos requeridos para llevar a cabo la acción sean válidos a nivel de tipo de dato, longitud, obligatoriedad, formato y rango. | J23: Generar una excepción indicándole al usuario que existen problemas con los datos y de ser posible indicarle cómo solucionarlos. | K23: Detener operación
H24: Bitácora Diaria -POL-0002 | I24: No puede existir más de una bitácora realizada con la misma fecha y el mismo empleado. | J24: Generar una excepción indicándole al usuario que existen problemas con los datos y de ser posible indicarle cómo solucionarlos. | K24: Detener operación
H25: Bitácora Diaria-POL-0003 | I25: No puede existir más de una bitácora con el mismo número de página del libro. | J25: Generar una excepción indicándole al usuario que existen problemas con los datos y de ser posible indicarle cómo solucionarlos. | K25: Detener operación
H26: Bitácora Diaria -POL-0008 | I26: No puede existir otra bitácora con el mismo identificador. | J26: Generar un nuevo identificador hasta garantizar que no exista. | K26: Continuar operación
A27: Editar Información Bitácora Diaria | B27: Permite actualizar la información de una bitácora diaria | C27: Id | D27: Alfanumérico | E27: Contiene la información del identificador de la bitácora que se a eliminar | H27: Bitácora Diaria -Pol-0007 | I27: Asegurar que los datos requeridos para llevar a cabo la acción sean válidos a nivel de tipo de dato, longitud, obligatoriedad, formato y rango. | J27: Generar un nuevo identificador hasta garantizar que no exista. | K27: Detener operación
C28: Datos | D28: BitacoraDiaria | E28: Contiene los datos que se van a eliminar de la bitácora | H28: Bitácora Diaria -POL-0002 | I28: No puede existir más de una bitácora realizada con la misma fecha y el mismo empleado. | J28: Generar una excepción indicándole al usuario que existen problemas con los datos y de ser posible indicarle cómo solucionarlos. | K28: Detener operación
H29: Bitácora Diaria -POL-0003 | I29: No puede existir más de una bitácora con el mismo número de página del libro. | J29: Generar una nueva página del libro hasta garantizar que no exista. | K29: Continuar operación
A30: Editar la Informacion de la Bitacora Diaria | B30: Permite eliminar la información de una bitácora diaria | C30: Id | D30: Alfanumérico | E30: Contiene la información del identificador de la bitácora diaria para la cual se va a eliminar la información | H30: Bitácora Diaria -POL-0007 | I30: Asegurar que los datos que fueron enviados como filtro para llevar a cabo la acción sean válidos a nivel de tipo de dato, longitud, obligatoriedad, formato y rango. | J30: Generar una excepción indicándole al usuario que existen problemas con los datos y de ser posible indicarle cómo solucionarlos. | K30: Detener operación
A32: Activar la Bitácora Diaria | B32: Permite tener habilitada una página de la bitácora diaria | C32: Id | D32: Alfanumérico | E32: Contiene la información del identificador de la bitácora diaria para la cual se va activar la información | H32: Bitácora Diaria -POL-0007 | I32: Asegurar que los datos que fueron enviados como filtro para llevar a cabo la acción sean válidos a nivel de tipo de dato, longitud, obligatoriedad, formato y rango. | J32: Generar una excepción indicándole al usuario que existen problemas con los datos y de ser posible indicarle cómo solucionarlos. | K32: Detener operación
C33: Estado | D33: Lógico | E33: Contiene la información del estado booleano de la bitácora diaria para la cual se va a activar | H33: Bitácora Diaria -POL-0006 | I33: La bitácora debe estar previamente inactivada. | J33: Generar una excepción indicándole al usuario que existen problemas con los datos y de ser posible indicarle cómo solucionarlos. | K33: Detener operación
A34: Inactivar la Bitácora Diaria | B34: Permite inhabilitar una página de la bitácora diaria para su eliminación | C34: Id | D34: Alfanumérico | E34: Contiene la información del identificador de la bitácora diaria para la cual se va a Inactivar la información | H34: Bitácora Diaria -POL-0007 | I34: Asegurar que los datos que fueron enviados como filtro para llevar a cabo la acción sean válidos a nivel de tipo de dato, longitud, obligatoriedad, formato y rango. | J34: Generar una excepción indicándole al usuario que existen problemas con los datos y de ser posible indicarle cómo solucionarlos. | K34: Detener operación
C35: Estado | D35: Lógico | E35: Contiene la información del estado booleano de la bitácora diaria para la cual se va a inactivar | H35: Bitácora Diaria -POL-0005 | I35: La bitácora debe estar previamente activada. | J35: Generar una excepción indicándole al usuario que existen problemas con los datos y de ser posible indicarle cómo solucionarlos. | K35: Detener operación

Sheet BitacoraDiaria_Muestreo 
A1: << Modelo de dominio | B1: << Objetos de dominio | C1: Caracterización objeto >>
A2: Corresponde a un identificador único de la cuenta dentro del objeto de dominio | B2: Corresponde a la fecha de la bitácora | C2: Corresponde al nombre del empleado de la aerolínea que llena la bitácora | D2: Corresponde a la página del libro del empleado | E2: Indica el estado operativo de la bitácora | F2: El nombre del empleado y la fecha de la bitácora no puede repetirse. | G2: El numero de la hoja del libro del empleado no puede repetirse.
A3: Id | B3: Fecha | C3: Empleado Aerolínea | D3: Pagina Libro | E3: Estado | F3: Combinación única 1 | G3: combinación única 2
A4: FCDE13AF-66B1-431E-AF58-013DBB61E7F2 | B4: 01/01/2024 | C4: =EmpleadoAerolinea_Muestreo!I4 -> Latam Airlines-4472021 | D4: 176770012 | E4: Activa | F4: =C4&"-"&TEXT(B4,"DD/MM/AA") -> Latam Airlines-4472021-01/01/AA | G4: =D4 -> 176770012

Sheet Det_BitacoraDia_Caracterización
A1: << Modelo de dominio | B1: << Objetos de dominio | C1: << Muestreo Datos
A2: ='Objetos Dominio'!$A$2 -> Nombre | B2: ='Objetos Dominio'!$A$8 -> Detalle Bitácora Diaria
A3: ='Objetos Dominio'!$B$2 -> Tipo | B3: ='Objetos Dominio'!$B$8 -> Referenciado
A4: ='Objetos Dominio'!$C$2 -> Contexto Origen | B4: ='Objetos Dominio'!$C$8 -> 0
A5: ='Objetos Dominio'!$D$2 -> Descripción | B5: ='Objetos Dominio'!$D$8 -> Objeto de dominio que representa a quien pertenece la bitácora, la información del vuelo, la matrícula de la aeronave, la tripulación y que rango tienen, las horas de vuelo y su total.
A6: Atributo | B6: Tipo de Dato | C6: Longitud mínima | D6: Longitud máxima | E6: Precisión | F6: Cantidad cifras redondeo | G6: Tipo redondeo | H6: Rango Inicial | I6: Rango Final | J6: Formato | K6: Valor por defecto | L6: Regla especial | M6: ¿Quitar espacios en blanco al inicio? | N6: ¿Quitar espacios en blanco al final? | O6: ¿Auto generado? | P6: ¿Calculado? | Q6: ¿Obligatorio? | R6: ¿Modificable? | S6: ¿Sensible? | T6: ¿Identifica al registro? | U6: Descripción | V6: =A42 -> Consultar la Información de Detalle de la Bitácora Diaria | W6: =A46 -> Editar la Información de Detalle Bitacora Diaria | X6: =A37 -> Agregar la Información a Detalle Bitacora Diaria | Y6: =A49 -> Eliminar Información de un Detalle Bitacora Diaria
A7: ='Deta_BitacoraDiaria_Muestreo '!A3 -> Id | B7: Alfanumérico | C7: 36 | D7: 36 | J7: XXXXXXXX-XXXX-XXXX-XXXX-XXXXXXXXXXXX donde X es cualquier digito o una letra de la "A" a la "F" | M7: SI | N7: SI | O7: SI | P7: NO | Q7: SI | R7: NO | S7: NO | T7: SI | U7: ='Deta_BitacoraDiaria_Muestreo '!A2 -> Corresponde a un identificador único de la bitácora dentro del objeto de dominio . | V7: Filtro/Listar/ No Mostrar | W7: Requerido / No modificable | X7: Requerido | Y7: Requerido
A8: ='Deta_BitacoraDiaria_Muestreo '!B3 -> Bitácora Diaria | B8: Bitácora Diaria | M8: SI | N8: SI | O8: NO | P8: NO | Q8: SI | R8: SI | S8: NO | T8: NO | U8: ='Deta_BitacoraDiaria_Muestreo '!B2 -> Corresponde al nombre del empleado al que le pertenece la bitácora | V8: Filtro/Listar/Mostrar[Orden{1}/CriterioOrdenamiento{1, ASC}/BusquedaGeneral{SI}/Ordenador{NO}/Reordenamiento{NO} /PropiedadesMostrar{ BitacoraDiaria.Aerolinea, BitacoraDiaria.Empleado, BitacoraDiaria.Fecha}] | W8: Requerido / modificable | X8: Requerido | Y8: No Requerido
A9: ='Deta_BitacoraDiaria_Muestreo '!C3 -> Vuelo | B9: Vuelo | M9: SI | N9: SI | O9: NO | P9: NO | Q9: SI | R9: SI | S9: NO | T9: NO | U9: ='Deta_BitacoraDiaria_Muestreo '!C2 -> Corresponde al vuelo | V9: Filtro/Listar/Mostrar[Orden{2}/CriterioOrdenamiento{2, ASC}/BusquedaGeneral{SI}/Ordenador{NO}/Reordenamiento{NO} /PropiedadesMostrar{ Vuelo.Fecha,Vuelo.Numero,Vuelo.RutaAerolinea}] | W9: Requerido / modificable | X9: Requerido | Y9: No Requerido
A10: ='Deta_BitacoraDiaria_Muestreo '!D3 -> Fecha Real Salida Vuelo | B10: Fecha/Hora | C10: 6 | D10: 6 | M10: SI | N10: SI | O10: NO | P10: NO | Q10: SI | R10: SI | S10: NO | T10: NO | U10: ='Deta_BitacoraDiaria_Muestreo '!D2 -> Corresponde a la fecha y hora de salida del vuelo | V10: Filtro/Listar/Mostrar[Orden{3}/CriterioOrdenamiento{3, ASC}/BusquedaGeneral{SI}/Ordenador{SI}/Reordenamiento{SI} ] | W10: Requerido / modificable | X10: Requerido | Y10: No Requerido
A11: ='Deta_BitacoraDiaria_Muestreo '!E3 -> Matricula Real | B11: Matricula | M11: SI | N11: SI | O11: NO | P11: NO | Q11: SI | R11: SI | S11: NO | T11: NO | U11: ='Deta_BitacoraDiaria_Muestreo '!E2 -> Corresponde a la matrícula de la aeronave | V11: Filtro/Listar/Mostrar[Orden{4}/CriterioOrdenamiento{4, ASC}/BusquedaGeneral{SI}/Ordenador{SI}/Reordenamiento{SI} ] | W11: Requerido / modificable | X11: Requerido | Y11: No Requerido
A12: ='Deta_BitacoraDiaria_Muestreo '!F3 -> PAX | B12: Numérico Entero | H12: 1 | I12: 935 | M12: SI | N12: SI | O12: NO | P12: NO | Q12: SI | R12: SI | S12: NO | T12: NO | U12: ='Deta_BitacoraDiaria_Muestreo '!F2 -> Corresponde al número de pasajeros | V12: Filtro/Listar/Mostrar[Orden{5}/BusquedaGeneral{NO}/Ordenador{NO}/Reordenamiento{NO} ] | W12: Requerido / modificable | X12: Requerido | Y12: No Requerido
A13: ='Deta_BitacoraDiaria_Muestreo '!G3 -> Tiempo_Vuelo | B13: Fecha/Hora | M13: SI | N13: SI | O13: NO | P13: NO | Q13: SI | R13: SI | S13: NO | T13: NO | U13: ='Deta_BitacoraDiaria_Muestreo '!G2 -> Corresponde a la fecha y hora en la que inicia el vuelo | V13: Filtro/Listar/Mostrar[Orden{6}/BusquedaGeneral{NO}/Ordenador{NO}/Reordenamiento{NO} ] | W13: Requerido / modificable | X13: Requerido | Y13: No Requerido
A14: ='Deta_BitacoraDiaria_Muestreo '!H3 -> Hora_Despegue | B14: Fecha/Hora | M14: SI | N14: SI | O14: NO | P14: NO | Q14: SI | R14: SI | S14: NO | T14: NO | U14: ='Deta_BitacoraDiaria_Muestreo '!H2 -> Corresponde a la fecha y hora en la que se realiza el despegue | V14: Filtro/Listar/Mostrar[Orden{6}/BusquedaGeneral{NO}/Ordenador{NO}/Reordenamiento{NO} ] | W14: Requerido / modificable | X14: Requerido | Y14: No Requerido
A15: ='Deta_BitacoraDiaria_Muestreo '!I3 -> Hora_Aterrizaje | B15: Fecha/Hora | M15: SI | N15: SI | O15: NO | P15: NO | Q15: SI | R15: SI | S15: NO | T15: NO | U15: ='Deta_BitacoraDiaria_Muestreo '!I2 -> Corresponde a la fecha y hora en la que se realiza el aterrizaje | V15: Filtro/Listar/Mostrar[Orden{6}/BusquedaGeneral{NO}/Ordenador{NO}/Reordenamiento{NO} ] | W15: Requerido / modificable | X15: Requerido | Y15: No Requerido
A16: ='Deta_BitacoraDiaria_Muestreo '!J3 -> Aterrizaje_y_desembarque | B16: Fecha/Hora | M16: SI | N16: SI | O16: NO | P16: NO | Q16: SI | R16: SI | S16: NO | T16: NO | U16: ='Deta_BitacoraDiaria_Muestreo '!J2 -> Corresponde a la fecha y hora en la que se realiza el aterrizaje y desembarque | V16: Filtro/Listar/Mostrar[Orden{6}/BusquedaGeneral{NO}/Ordenador{NO}/Reordenamiento{NO} ] | W16: Requerido / modificable | X16: Requerido | Y16: No Requerido
A17: ='Deta_BitacoraDiaria_Muestreo '!K3 -> PF | B17: Tipo Integrante | M17: SI | N17: SI | O17: NO | P17: NO | Q17: SI | R17: SI | S17: NO | T17: NO | U17: ='Deta_BitacoraDiaria_Muestreo '!K2 -> Corresponde al nombre del empleado que realizo el vuelo | V17: Filtro/Listar/Mostrar[Orden{6}/BusquedaGeneral{NO}/Ordenador{NO}/Reordenamiento{NO} ] | W17: Requerido / modificable | X17: Requerido | Y17: No Requerido
A18: ='Deta_BitacoraDiaria_Muestreo '!L3 -> PFL | B18: Tipo Integrante | M18: SI | N18: SI | O18: NO | P18: NO | Q18: SI | R18: SI | S18: NO | T18: NO | U18: ='Deta_BitacoraDiaria_Muestreo '!L2 -> Corresponde al nombre del empleado que realizo el vuelo y aterrizo | V18: Filtro/Listar/Mostrar[Orden{6}/BusquedaGeneral{NO}/Ordenador{NO}/Reordenamiento{NO} ] | W18: Requerido / modificable | X18: Requerido | Y18: No Requerido
A19: ='Deta_BitacoraDiaria_Muestreo '!M3 -> PFTO | B19: Tipo Integrante | M19: SI | N19: SI | O19: NO | P19: NO | Q19: SI | R19: SI | S19: NO | T19: NO | U19: ='Deta_BitacoraDiaria_Muestreo '!M2 -> Corresponde al nombre del empleado que realizo el vuelo y el despegue | V19: Filtro/Listar/Mostrar[Orden{6}/BusquedaGeneral{NO}/Ordenador{NO}/Reordenamiento{NO} ] | W19: Requerido / modificable | X19: Requerido | Y19: No Requerido
A20: ='Deta_BitacoraDiaria_Muestreo '!N3 -> PM | B20: Tipo Integrante | M20: SI | N20: SI | O20: NO | P20: NO | Q20: SI | R20: SI | S20: NO | T20: NO | U20: ='Deta_BitacoraDiaria_Muestreo '!N2 -> Corresponde al nombre del empleado que monitorea todo durante el vuelo | V20: Filtro/Listar/Mostrar[Orden{6}/BusquedaGeneral{NO}/Ordenador{NO}/Reordenamiento{NO} ] | W20: Requerido / modificable | X20: Requerido | Y20: No Requerido
A21: ='Deta_BitacoraDiaria_Muestreo '!O3 -> Capitán | B21: EmpleadoAerolinea | M21: SI | N21: SI | O21: NO | P21: NO | Q21: SI | R21: SI | S21: NO | T21: NO | U21: ='Deta_BitacoraDiaria_Muestreo '!O2 -> Corresponde al nombre del Capitán | V21: Filtro/Listar/Mostrar[Orden{6}/BusquedaGeneral{SI}/Ordenador{NO}/Reordenamiento{NO} ] | W21: Requerido / modificable | X21: Requerido | Y21: No Requerido
A22: ='Deta_BitacoraDiaria_Muestreo '!P3 -> Copiloto | B22: EmpleadoAerolinea | M22: SI | N22: SI | O22: NO | P22: NO | Q22: SI | R22: SI | S22: NO | T22: NO | U22: ='Deta_BitacoraDiaria_Muestreo '!P2 -> Corresponde al nombre del copiloto | V22: Filtro/Listar/Mostrar[Orden{6}/BusquedaGeneral{SI}/Ordenador{NO}/Reordenamiento{NO} ] | W22: Requerido / modificable | X22: Requerido | Y22: No Requerido
A23: ='Deta_BitacoraDiaria_Muestreo '!Q3 -> Air | B23: Hora | M23: SI | N23: SI | O23: NO | P23: NO | Q23: SI | R23: SI | S23: NO | T23: NO | U23: ='Deta_BitacoraDiaria_Muestreo '!Q2 -> Corresponde al tiempo desde el despegue hasta el aterrizaje | V23: Filtro/Listar/Mostrar[Orden{6}/BusquedaGeneral{NO}/Ordenador{NO}/Reordenamiento{NO} ] | W23: Requerido / modificable | X23: Requerido | Y23: No Requerido
A24: ='Deta_BitacoraDiaria_Muestreo '!R3 -> Block | B24: Hora | M24: SI | N24: SI | O24: NO | P24: NO | Q24: SI | R24: SI | S24: NO | T24: NO | U24: ='Deta_BitacoraDiaria_Muestreo '!R2 -> Corresponde al tiempo desde el remolque hasta el parqueo | V24: Filtro/Listar/Mostrar[Orden{6}/BusquedaGeneral{NO}/Ordenador{NO}/Reordenamiento{NO} ] | W24: Requerido / modificable | X24: Requerido | Y24: No Requerido
A29: Combinaciones únicas
A30: Nombre combinación | B30: Descripción | C30: Atributos
A31: Nombre único | B31: El numero, la ruta ,la fecha y la matrícula de la aeronave no pueden repetirse. | C31: =A9 -> Vuelo
C32: =A11 -> Matricula Real
A35: Responsabilidad | B35: Descripción | D35: Entradas | G35: Salida | H35: Políticas (Reglas de Negocio) | J35: Excepción
C36: Parámetro | D36: Tipo de dato | E36: Descripción | F36: Tipo de Dato | G36: Descripción | H36: Política | I36: Descripción | J36: Detalle | K36: ¿Qué hago?
A37: Agregar la Información a Detalle Bitacora Diaria | B37: Permite Agregar la información de un empleado que ya existe en la bitácora | C37: datos | D37: DetallesBitácoraDiaria | E37: Contiene la información de los filtros que servirán como base para llevar a cabo la consulta de la información | H37: DetBitacora -POL-0002 | I37: No puede existir más de una bitácora realizada con la misma fecha. | J37: Generar una excepción indicándole al usuario que existen problemas con los datos y de ser posible indicarle cómo solucionarlos. | K37: Detener operación
H38: DetBitacora-POL-0003 | I38: No puede existir una bitácora con OUT,OFF,ON,IN,AIR y BLOCK con resultados negativos | J38: Generar una excepción indicándole al usuario que existen problemas con los datos y de ser posible indicarle cómo solucionarlos. | K38: Detener operación
H39: DetBitacora-POL-0001 | I39: Asegurar que los datos requeridos para llevar a cabo la acción sean válidos a nivel de tipo de dato, longitud, obligatoriedad, formato y rango. | J39: Generar una excepción indicándole al usuario que existen problemas con los datos y de ser posible indicarle cómo solucionarlos. | K39: Detener operación
H40: DetBitacora-POL-0005 | I40: No puede existir más de una bitácora con el mismo id | J40: Generar un nuevo identificador hasta garantizar que no exista. | K40: Continuar operación
A42: Consultar la Información de Detalle de la Bitácora Diaria | B42: Permite consultar la información de una bitácora | C42: Filtro | D42: DetallesBitácoraDiaria | E42: Contiene la información de los filtros que servirán como base para llevar a cabo la consulta de la información | F42: Lista<detalleBitácoraDiaria> | G42: Contiene la información de todos las bitácoras diarias que cumplen con el filtro de consulta | H42: DetBitacora-POL-0004 | I42: Asegurar que los datos que fueron enviados como filtro para llevar a cabo la acción sean válidos a nivel de tipo de dato, longitud, obligatoriedad, formato y rango. | J42: Generar una excepción indicándole al usuario que existen problemas con los datos y de ser posible indicarle cómo solucionarlos. | K42: Detener operación
A46: Editar la Información de Detalle Bitacora Diaria | B46: Permite actualizar la información de una bitácora que ya existe | C46: id | D46: Alfanumérico | E46: Contiene la información del identificador del detalle bitácora que se va a editar de forma definitiva | H46: DetBitacora-POL-0002 | I46: No puede existir más de una bitácora realizada con la misma fecha. | J46: Generar una excepción indicándole al usuario que existen problemas con los datos y de ser posible indicarle cómo solucionarlos. | K46: Detener operación
H47: DetBitacora-POL-0001 | I47: Asegurar que los datos requeridos para llevar a cabo la acción sean válidos a nivel de tipo de dato, longitud, obligatoriedad, formato y rango. | J47: Generar una excepción indicándole al usuario que existen problemas con los datos y de ser posible indicarle cómo solucionarlos. | K47: Detener operación
H48: DetBitacora-POL-0003 | I48: No puede existir una bitácora con OUT,OFF,ON,IN,AIR y BLOCK con resultados negativos | J48: Generar una excepción indicándole al usuario que existen problemas con los datos y de ser posible indicarle cómo solucionarlos. | K48: Detener operación
A49: Eliminar Información de un Detalle Bitacora Diaria | B49: Permite eliminar un detalle de una bitácora. | C49: id | D49: Alfanumérico | E49: Contiene la información del identificador del detalle bitácora que se va a eliminar de forma definitiva | H49: DetBitacora-POL-0001 | I49: Asegurar que los datos requeridos para llevar a cabo la acción sean válidos a nivel de tipo de dato, longitud, obligatoriedad, formato y rango. | J49: Generar una excepción indicándole al usuario que existen problemas con los datos y de ser posible indicarle cómo solucionarlos. | K49: Detener operación
H50: DetBitacora-POL-0006 | I50: Asegurar que el empleado no esté vinculado a un detalle bitácora Diaria | J50: Generar una excepción indicándole al usuario que existen problemas con los datos y de ser posible indicarle cómo solucionarlos. | K50: Detener operación

Sheet Deta_BitacoraDiaria_Muestreo 
A1: << Modelo de dominio | B1: << Objetos de dominio | S1: Caracterización objeto >>
A2: Corresponde a un identificador único de la bitácora dentro del objeto de dominio . | B2: Corresponde al nombre del empleado al que le pertenece la bitácora | C2: Corresponde al vuelo | D2: Corresponde a la fecha y hora de salida del vuelo | E2: Corresponde a la matrícula de la aeronave | F2: Corresponde al número de pasajeros | G2: Corresponde a la fecha y hora en la que inicia el vuelo | H2: Corresponde a la fecha y hora en la que se realiza el despegue | I2: Corresponde a la fecha y hora en la que se realiza el aterrizaje | J2: Corresponde a la fecha y hora en la que se realiza el aterrizaje y desembarque | K2: Corresponde al nombre del empleado que realizo el vuelo | L2: Corresponde al nombre del empleado que realizo el vuelo y aterrizo | M2: Corresponde al nombre del empleado que realizo el vuelo y el despegue | N2: Corresponde al nombre del empleado que monitorea todo durante el vuelo | O2: Corresponde al nombre del Capitán | P2: Corresponde al nombre del copiloto | Q2: Corresponde al tiempo desde el despegue hasta el aterrizaje | R2: Corresponde al tiempo desde el remolque hasta el parqueo | S2: El número, la ruta ,la fecha y la matrícula de la aeronave no pueden repetirse.
A3: Id | B3: Bitácora Diaria | C3: Vuelo | D3: Fecha Real Salida Vuelo | E3: Matricula Real | F3: PAX | G3: Tiempo_Vuelo | H3: Hora_Despegue | I3: Hora_Aterrizaje | J3: Aterrizaje_y_desembarque | K3: PF | L3: PFL | M3: PFTO | N3: PM | O3: Capitán | P3: Copiloto | Q3: Air | R3: Block | S3: combinación única 1
A4: FCDE13AF-66B1-431E-AF58-013DBB61E7F2 | B4: ='BitacoraDiaria_Muestreo '!F4 -> Latam Airlines-4472021-01/01/AA | C4: ='Vuelo_Muestreo '!E4 -> 4061-BOG-CLO-AV-01/01/AA | D4: 45292.681 | E4: =Matricula_Muestreo!B4 -> CC-BAQ | F4: 101 | G4: 45292.074 | H4: 45292.094 | I4: 45292.117 | J4: 45292.121 | K4: =TipoIntegrante_Muestreo!C5 -> Copiloto | L4: =TipoIntegrante_Muestreo!C4 -> Capitán | M4: =TipoIntegrante_Muestreo!C4 -> Capitán | N4: =TipoIntegrante_Muestreo!C5 -> Copiloto | O4: =EmpleadoAerolinea_Muestreo!I4 -> Latam Airlines-4472021 | P4: =EmpleadoAerolinea_Muestreo!I23 -> Latam Airlines-1036952691 | Q4: =TEXT(I4-H4,"h:mm") -> 0:34 | R4: =TEXT(J4-G4,"h:mm") -> 1:08 | S4: =_xlfn.CONCAT(C4)&" "&E4 -> 4061-BOG-CLO-AV-01/01/AA CC-BAQ
K7: DEBE SER UN CHECKBOX | O7: SE Escribe el nombre del compañero con quien volo(opcional) | Q7: widget de hora

Sheet Empleado_Caracterización
A1: << Modelo de dominio | B1: << Objetos de dominio | C1: << Muestreo Datos
A2: ='Objetos Dominio'!$A$2 -> Nombre | B2: ='Objetos Dominio'!$A$9 -> Empleado
A3: ='Objetos Dominio'!$B$2 -> Tipo | B3: ='Objetos Dominio'!$B$9 -> Propio
A4: ='Objetos Dominio'!$C$2 -> Contexto Origen | B4: ='Objetos Dominio'!$C$9 -> Flight Hours
A5: ='Objetos Dominio'!$D$2 -> Descripción | B5: ='Objetos Dominio'!$D$9 -> Objeto de dominio que representa el nombre y el código de la persona que trabaja en la aerolínea
A6: Atributo | B6: Tipo de Dato | C6: Longitud mínima | D6: Longitud máxima | E6: Precisión | F6: Cantidad cifras redondeo | G6: Tipo redondeo | H6: Rango Inicial | I6: Rango Final | J6: Formato | K6: Valor por defecto | L6: Regla especial | M6: ¿Quitar espacios en blanco al inicio? | N6: ¿Quitar espacios en blanco al final? | O6: ¿Auto generado? | P6: ¿Calculado? | Q6: ¿Obligatorio? | R6: ¿Modificable? | S6: ¿Sensible? | T6: ¿Identifica al registro? | U6: Descripción | V6: =A27 -> Agregar la información de un nuevo Empleado | W6: =A32 -> Consultar la Información del Empleado | X6: =A36 -> Restablecer la Contraseña del Empleado | Y6: =A40 -> Modificar la Clave del Empleado | Z6: =A44 -> Autenticar la Información del Empleado
A7: =Empleado_Muestreo!A3 -> Id | B7: Alfanumérico | C7: 36 | D7: 36 | J7: XXXXXXXX-XXXX-XXXX-XXXX-XXXXXXXXXXXX donde X es cualquier digito o una letra de la "A" a la "F" | M7: SI | N7: SI | O7: SI | P7: NO | Q7: SI | R7: NO | S7: NO | T7: SI | U7: =Empleado_Muestreo!$A$2 -> Corresponde a un identificador único del Empleado dentro del objeto de dominio Empleado. | V7: Requerido | W7: Filtro/Listar/ No Mostrar | X7: Requerido / No modificable | Y7: Requerido / No modificable | Z7: Requerido
A8: =Empleado_Muestreo!$B$3 -> Nombre | B8: Alfanumérico | C8: 3 | D8: 50 | J8: Cualquier cadena que incluye caracteres alfanuméricos, espacios, tildes(A-Z / a-z) | M8: SI | N8: SI | O8: NO | P8: NO | Q8: SI | R8: SI | S8: NO | T8: NO | U8: =Empleado_Muestreo!$B$2 -> Corresponde al nombre del empleado para el cual está configurado . | V8: Requerido | W8: Filtro/Listar/Mostrar[Orden{1}/CriterioOrdenamiento{1, ASC}/BusquedaGeneral{SI}/Ordenador{NO}/Reordenamiento{NO} ] | X8: Requerido / No modificable | Y8: Requerido / No modificable | Z8: No requerido
A9: =Empleado_Muestreo!C3 -> Email | B9: Alfanumérico | C9: 12 | D9: 150 | J9: Debe cumplir con el formato de un correo electrónico | M9: SI | N9: SI | O9: NO | P9: NO | Q9: SI | R9: NO | S9: NO | T9: SI | U9: Corresponde al correo del empleado con el cual va ingresar a la plataforma | V9: Requerido | W9: Filtro/Listar/Mostrar[Orden{2}/CriterioOrdenamiento{2, ASC}/BusquedaGeneral{SI}/Ordenador{NO}/Reordenamiento{NO} ] | X9: Requerido /No modificable | Y9: Requerido / No modificable | Z9: Requerido
A10: =Empleado_Muestreo!D3 -> Contrasena | B10: Alfanumérico | C10: 8 | D10: 16 | J10: Cualquier cadena que incluye caracteres alfanuméricos, espacios, tildes(A-Z / a-z) | M10: SI | N10: SI | O10: NO | P10: NO | Q10: SI | R10: SI | S10: SI | T10: NO | U10: Corresponde al atributo que contiene la contraseña con la cual ingresara el usuario | V10: Requerido | W10: Filtro/Listar/Mostrar[Orden{3}/BusquedaGeneral{NO}/Ordenador{NO}/Reordenamiento{NO} ] | X10: Requerido /modificable | Y10: Requerido /modificable | Z10: Requerido
A11: =Empleado_Muestreo!E3 -> EmailConfimado | B11: Lógico | M11: SI | N11: SI | O11: NO | P11: SI | Q11: SI | R11: SI | S11: NO | T11: NO | U11: Corresponde al atributo que contiene la confirmación de correo del usuario | V11: Requerido | W11: Filtro/Listar/Mostrar[Orden{4}/BusquedaGeneral{NO}/Ordenador{NO}/Reordenamiento{NO} ] | X11: Requerido / modificable | Y11: Requerido / modificable | Z11: No Requerido
A12: =Empleado_Muestreo!$F$3 -> numeroIdentificacion | B12: Numérico Entero | C12: 7 | D12: 7 | M12: SI | N12: SI | O12: NO | P12: NO | Q12: SI | R12: SI | S12: NO | T12: NO | U12: =Empleado_Muestreo!$F$2 -> Corresponde al número de identificación del empleado para el cual está configurado en la aerolínea. | V12: Requerido | W12: Filtro/Listar/Mostrar[Orden{5}/BusquedaGeneral{NO}/Ordenador{NO}/Reordenamiento{NO} ] | X12: Requerido /No modificable | Y12: Requerido /No modificable | Z12: No Requerido
A14: Combinaciones únicas
A15: Nombre combinación | B15: Descripción | C15: Atributos
A16: Año y número mes únicos | B16: =Empleado_Muestreo!G2 -> El número de identificación de un empleado no se puede repetir. | C16: =A12 -> numeroIdentificacion
A25: Responsabilidad | B25: Descripción | D25: Entradas | G25: Salida | H25: Políticas (Reglas de Negocio) | J25: Excepción
C26: Parámetro | D26: Tipo de dato | E26: Descripción | F26: Tipo de Dato | G26: Descripción | H26: Política | I26: Descripción | J26: Detalle | K26: ¿Qué hago?
A27: Agregar la información de un nuevo Empleado | B27: Permite agregar todos los detalles del empleado | C27: datos | D27: Empleado | E27: Contiene la información de los filtros que servirán como base para llevar a cabo la consulta de la información | H27: Empleado-POL-0001 | I27: Asegurar que los datos requeridos para llevar a cabo la acción sean válidos a nivel de tipo de dato, longitud, obligatoriedad, formato y rango. | J27: Generar una excepción indicándole al usuario que existen problemas con los datos y de ser posible indicarle cómo solucionarlos. | K27: Detener operación
H29: Empleado-POL-0002 | I29: No puede existir más de un Empleado con el mismo id | J29: Generar un nuevo identificador hasta garantizar que no exista | K29: Continuar operación
H30: Empleado-POL-0003 | I30: No puede existir más de un Empleado con el mismo número de identificación | J30: Generar una excepción indicándole al usuario que existen problemas con los datos y de ser posible indicarle cómo solucionarlos. | K30: Detener operación
H31: Empleado-POL-0004 | I31: No puede existir más de un Empleado con el mismo Email | J31: Generar una excepción indicándole al usuario que existen problemas con los datos y de ser posible indicarle cómo solucionarlos. | K31: Detener operación
A32: Consultar la Información del Empleado | B32: Permite revisar la información de un empleado | C32: Filtro | D32: Empleado | E32: Contiene la información de los filtros que servirán como base para llevar a cabo la consulta de la información | F32: Lista<Empleado> | G32: Contiene la información de todos los empleados que cumplen con el filtro de consulta | H32: Empleado-POL-0006 | I32: Asegurar que los datos que fueron enviados como filtro para llevar a cabo la acción sean válidos a nivel de tipo de dato, longitud, obligatoriedad, formato y rango. | J32: Generar una excepción indicándole al usuario que existen problemas con los datos y de ser posible indicarle cómo solucionarlos. | K32: Detener operación
A36: Restablecer la Contraseña del Empleado | B36: Permite restablecer la contraseña de un empleado | C36: Email | D36: Alfanumérico | E36: Contiene el email del empleado | H36: Empleado-POL-0001 | I36: Asegurar que los datos requeridos para llevar a cabo la acción sean válidos a nivel de tipo de dato, longitud, obligatoriedad, formato y rango. | J36: Generar una excepción indicándole al usuario que existen problemas con los datos y de ser posible indicarle cómo solucionarlos. | K36: Detener operación
C37: Contraseña nueva | D37: Alfanumérico | E37: Contiene la nueva contraseña del usuario a restablecer
A40: Modificar la Clave del Empleado | B40: Permite modificar la clave de un empleado | C40: Contraseña nueva | D40: Alfanumérico | E40: Contiene la nueva contraseña del usuario a modificar | H40: Empleado-POL-0001 | I40: Asegurar que los datos requeridos para llevar a cabo la acción sean válidos a nivel de tipo de dato, longitud, obligatoriedad, formato y rango. | J40: Generar una excepción indicándole al usuario que existen problemas con los datos y de ser posible indicarle cómo solucionarlos. | K40: Detener operación
C41: Email | D41: Alfanumérico | E41: Contiene el email del empleado a modificar la contraseña
C42: Contraseña actual | D42: Alfanumérico | E42: Contiene la nueva contraseña que el usuario ha de ingresar
A44: Autenticar la Información del Empleado | B44: Permite autenticar la información de un empleado | C44: email | D44: Empleado | E44: Contiene el email del empleado autenticar | H44: Empleado-POL-0001 | I44: Asegurar que los datos requeridos para llevar a cabo la acción sean válidos a nivel de tipo de dato, longitud, obligatoriedad, formato y rango. | J44: Generar una excepción indicándole al usuario que existen problemas con los datos y de ser posible indicarle cómo solucionarlos. | K44: Detener operación
C45: Contraseña | D45: Alfanumérico | E45: Contiene la contraseña del empleado a autenticar
A48: Eliminar la Información del Empleado | B48: Permite eliminar un empleado | C48: id | D48: Alfanumérico | E48: Contiene la información del identificador del empleado a que se va a eliminar de forma definitiva | H48: Empleado-POL-0005 | I48: El empleado debe estar previamente autenticado | J48: Generar una excepción indicándole al usuario que existen problemas con los datos y de ser posible indicarle cómo solucionarlos. | K48: Detener operación
H49: Empleado-POL-0001 | I49: Asegurar que los datos requeridos para llevar a cabo la acción sean válidos a nivel de tipo de dato, longitud, obligatoriedad, formato y rango. | J49: Generar una excepción indicándole al usuario que existen problemas con los datos y de ser posible indicarle cómo solucionarlos. | K49: Detener operación
A50: Modificar la Información del Empleado | B50: Permite editar un empleado | C50: id | D50: Alfanumérico | E50: Contiene la información del identificador del empleado que se va a editar de forma definitiva | H50: Empleado-POL-0005 | I50: El empleado debe estar previamente autenticado | J50: Generar una excepción indicándole al usuario que existen problemas con los datos y de ser posible indicarle cómo solucionarlos. | K50: Detener operación
H51: Empleado-POL-0001 | I51: Asegurar que los datos requeridos para llevar a cabo la acción sean válidos a nivel de tipo de dato, longitud, obligatoriedad, formato y rango. | J51: Generar una excepción indicándole al usuario que existen problemas con los datos y de ser posible indicarle cómo solucionarlos. | K51: Detener operación

Sheet Empleado_Muestreo
A1: << Modelo de dominio | B1: << Objetos de dominio | F1: Caracterización objeto >>
A2: Corresponde a un identificador único del Empleado dentro del objeto de dominio Empleado. | B2: Corresponde al nombre del empleado para el cual está configurado . | C2: Corresponde al Email del empleado. | D2: Corresponde a la clave del empleado . | E2: Corresponde al nombre del empleado para el cual está configurado . | F2: Corresponde al número de identificación del empleado para el cual está configurado en la aerolínea. | G2: El número de identificación de un empleado no se puede repetir.
A3: Id | B3: Nombre | C3: Email | D3: Contrasena | E3: EmailConfimado | F3: numeroIdentificacion | G3: Combinación única 1
A4: 36E4E7C0-27B0-400E-8977-6F79F831C470 | B4: Felipe Macea | C4: felipe.macea@latam.com | D4: Fm_Take0ff!92 | E4: SI | F4: =RANDBETWEEN(0,9999999999) -> 4793695555 | G4: =C4 -> felipe.macea@latam.com
A5: 800AFA04-D194-4F8C-BAD7-B432CD0096EC | B5: David Oquendo | C5: david.oquendo@latam.com | D5: Do_Aviat0r#21 | E5: NO | F5: =RANDBETWEEN(0,9999999999) -> 3076070479 | G5: =C5 -> david.oquendo@latam.com
A6: 1C5EA81F-0F58-4AAC-88BB-32F2CD1C7FAE | B6: Jaime Clavijo | C6: jaime.clavijo@latam.com | D6: Jc_Turb0Jet$84 | E6: NO | F6: =RANDBETWEEN(0,9999999999) -> 2624934007 | G6: =C6 -> jaime.clavijo@latam.com
A7: 7CA9AD6D-C9A2-43AA-8BCF-C420E637799E | B7: Vladimir Ortiz | C7: vladimir.ortiz@latam.com | D7: Vo_C0ckpit*77 | E7: NO | F7: =RANDBETWEEN(0,9999999999) -> 9772141874 | G7: =C7 -> vladimir.ortiz@latam.com
A8: 5DC5CBD2-6A3D-452E-B5EF-BBFD7F1A1ACE | B8: Álvaro Benavides | C8: alvaro.benavides@latam.com | D8: Ab_SkYline!39 | E8: NO | F8: =RANDBETWEEN(0,9999999999) -> 4544544844 | G8: =C8 -> alvaro.benavides@latam.com
A9: 5241341E-E691-4462-B240-0437D6D2C469 | B9: Daniel Giraldo | C9: daniel.giraldo@latam.com | D9: Dg_Fl1ght#88 | E9: NO | F9: =RANDBETWEEN(0,9999999999) -> 7126526524 | G9: =C9 -> daniel.giraldo@latam.com
A10: 5559007A-6D95-4778-B318-155EE40D15D6 | B10: Jorge Ortega | C10: jorge.ortega@latam.com | D10: Jo_Runway*15 | E10: NO | F10: =RANDBETWEEN(0,9999999999) -> 5252366987 | G10: =C10 -> jorge.ortega@latam.com
A11: 204B9547-E169-4121-A76C-92E9CEE6DC70 | B11: Juan Camilo Valencia | C11: juan.valencia@latam.com | D11: Jv_P1lot$66 | E11: NO | F11: =RANDBETWEEN(0,9999999999) -> 9463256223 | G11: =C11 -> juan.valencia@latam.com
A12: 35C50391-2D66-4457-9162-15493731B9CB | B12: Paola Natalia Hoyos | C12: paola.hoyos@latam.com | D12: Ph_A1rbus!20 | E12: NO | F12: =RANDBETWEEN(0,9999999999) -> 1040278781 | G12: =C12 -> paola.hoyos@latam.com
A13: 0D0AAF8E-D60B-43C9-BC61-35D6D63313BE | B13: Luis Alejandro Vásquez | C13: luis.vasquez@latam.com | D13: Lv_Descent#42 | E13: NO | F13: =RANDBETWEEN(0,9999999999) -> 6728980096 | G13: =C13 -> luis.vasquez@latam.com
A14: 0609FCE1-8D96-4840-84DC-84192FF8B8B9 | B14: José Daniel Maya | C14: jose.maya@latam.com | D14: Jm_AirTr4ffic$91 | E14: SI | F14: =RANDBETWEEN(0,9999999999) -> 9294573253 | G14: =C14 -> jose.maya@latam.com
A15: 6C18E768-C1F9-4FBF-B23C-121BF42D10EF | B15: Juan David Montejo | C15: juan.montejo@latam.com | D15: Jm_Alt1tude!73 | E15: SI | F15: =RANDBETWEEN(0,9999999999) -> 7211967413 | G15: =C15 -> juan.montejo@latam.com
... A22: E4E365EF-22FF-478F-9B19-204DBA4D01C5 | B22: Andrés Felipe Álvarez | C22: andres.alvarez@latam.com | D22: ar | E22: SI | F22: =RANDBETWEEN(0,9999999999) -> 4921763000 | G22: =C22 -> andres.alvarez@latam.com
A23: 106B9AFC-D8F3-4929-933D-96407D7EB791 | B23: José David Londoño | C23: jose.londono@latam.com | D23: Aa_Av1onics#35 | E23: SI | F23: 1036952691 | G23: =C23 -> jose.londono@latam.com

Sheet EmpleadoAerolinea_Caracterizac
A1: << Modelo de dominio | B1: << Objetos de dominio | C1: << Muestreo Datos
A2: ='Objetos Dominio'!$A$2 -> Nombre | B2: ='Objetos Dominio'!$A$10 -> Empleado Aerolínea
A3: ='Objetos Dominio'!$B$2 -> Tipo | B3: ='Objetos Dominio'!$B$10 -> Referenciado
A4: ='Objetos Dominio'!$C$2 -> Contexto Origen | B4: ='Objetos Dominio'!$C$10 -> 0
A5: ='Objetos Dominio'!$D$2 -> Descripción | B5: ='Objetos Dominio'!$D$10 -> Objeto de dominio que representa el nombre y la fecha de inicio y salida y vigencia de ese empleado en la aerolínea asignada
A6: Atributo | B6: Tipo de Dato | C6: Longitud mínima | D6: Longitud máxima | E6: Precisión | F6: Cantidad cifras redondeo | G6: Tipo redondeo | H6: Rango Inicial | I6: Rango Final | J6: Formato | K6: Valor por defecto | L6: Regla especial | M6: ¿Quitar espacios en blanco al inicio? | N6: ¿Quitar espacios en blanco al final? | O6: ¿Auto generado? | P6: ¿Calculado? | Q6: ¿Obligatorio? | R6: ¿Modificable? | S6: ¿Sensible? | T6: ¿Identifica al registro? | U6: Descripción | V6: =A31 -> Consultar información de un empleado aerolínea | W6: =A32 -> Editar Empleado Aerolínea | X6: =A35 -> Agregar Empleado Aerolínea | Y6: =A37 -> Activar empleado aerolínea | Z6: =A39 -> Inactivar empleado aerolínea
A7: =TipoIntegrante_Muestreo!$A$3 -> Id | B7: Alfanumérico | C7: 36 | D7: 36 | J7: XXXXXXXX-XXXX-XXXX-XXXX-XXXXXXXXXXXX donde X es cualquier digito o una letra de la "A" a la "F" | M7: NO | N7: NO | O7: NO | P7: NO | Q7: SI | R7: NO | S7: NO | T7: SI | U7: =EmpleadoAerolinea_Muestreo!$A$2 -> Corresponde a un identificador único del usuario dentro del objeto de dominio EmpleadoAerolinea. | V7: Filtro/Listar/ No Mostrar | W7: Requerido / No modificable | X7: Requerido | Y7: Requerido | Z7: Requerido
A8: =EmpleadoAerolinea_Muestreo!$B$3 -> Aerolínea | B8: Aerolínea | M8: NO | N8: NO | O8: SI | P8: NO | Q8: SI | R8: NO | S8: NO | T8: SI | U8: =EmpleadoAerolinea_Muestreo!$B$2 -> Corresponde a que aerolínea pertenece el usuario. | V8: Filtro/Listar/Mostrar[Orden{1}/CriterioOrdenamiento{1, ASC}/BusquedaGeneral{SI}/Ordenador{NO}/Reordenamiento{NO} /PropiedadesMostrar{ Aerolinea.Nombre}] | W8: Requerido / modificable | X8: Requerido | Y8: No Requerido | Z8: No Requerido
A9: =EmpleadoAerolinea_Muestreo!$C$3 -> Empleado | B9: Empleado | M9: NO | N9: NO | O9: NO | P9: NO | Q9: SI | R9: SI | S9: NO | T9: NO | U9: =EmpleadoAerolinea_Muestreo!$C$2 -> Corresponde al número de identificación del usuario. | V9: Filtro/Listar/Mostrar[Orden{2}/CriterioOrdenamiento{2, ASC}/BusquedaGeneral{SI}/Ordenador{NO}/Reordenamiento{NO} /PropiedadesMostrar{ Empleado.numeroIdentificacion}] | W9: Requerido / modificable | X9: Requerido | Y9: No Requerido | Z9: No Requerido
A10: =EmpleadoAerolinea_Muestreo!$D$3 -> BP | B10: Numérico Entero | C10: 1 | D10: 10 | M10: SI | N10: SI | O10: NO | P10: NO | Q10: SI | R10: SI | S10: NO | T10: NO | U10: =EmpleadoAerolinea_Muestreo!$D$2 -> Corresponde al código de la aerolínea a la que pertenece el empleado. | V10: Filtro/Listar/Mostrar[Orden{3}/BusquedaGeneral{NO}/Ordenador{NO}/Reordenamiento{NO} ] | W10: Requerido / modificable | X10: Requerido | Y10: No Requerido | Z10: No Requerido
A11: =EmpleadoAerolinea_Muestreo!$E$3 -> FechaInicio | B11: Fecha | C11: 1 | D11: 10 | M11: SI | N11: SI | O11: NO | P11: NO | Q11: SI | R11: SI | S11: NO | T11: NO | U11: =EmpleadoAerolinea_Muestreo!$E$2 -> Corresponde a la fecha de inicio del empleado. | V11: Filtro/Listar/Mostrar[Orden{4}/BusquedaGeneral{NO}/Ordenador{NO}/Reordenamiento{NO} ] | W11: Requerido / modificable | X11: Requerido | Y11: No Requerido | Z11: No Requerido
A12: =EmpleadoAerolinea_Muestreo!$F$3 -> FechaSalida | B12: Fecha | C12: 1 | D12: 10 | M12: SI | N12: SI | O12: NO | P12: NO | Q12: SI | R12: SI | S12: NO | T12: NO | U12: =EmpleadoAerolinea_Muestreo!$F$2 -> Corresponde a la fecha de salida del empleado. | V12: Filtro/Listar/Mostrar[Orden{5}/BusquedaGeneral{NO}/Ordenador{NO}/Reordenamiento{NO} ] | W12: Requerido / modificable | X12: Requerido | Y12: No Requerido | Z12: No Requerido
A13: =EmpleadoAerolinea_Muestreo!$G$3 -> Vigente | B13: Lógico | C13: 1 | D13: 10 | M13: SI | N13: SI | O13: NO | P13: NO | Q13: SI | R13: SI | S13: NO | T13: NO | U13: =EmpleadoAerolinea_Muestreo!$G$2 -> Corresponde al estado actual del empleado. | V13: Filtro/Listar/Mostrar[Orden{6}/BusquedaGeneral{NO}/Ordenador{NO}/Reordenamiento{NO} ] | W13: Requerido / modificable | X13: Requerido | Y13: No Requerido | Z13: No Requerido
A15: Combinaciones únicas
A16: Nombre combinación | B16: Descripción | C16: Atributos
A17: Nombre único | B17: =EmpleadoAerolinea_Muestreo!$I$2 -> El nombre del empleado y el código bp de la aerolínea no pueden repetirse. | C17: empleado
A18: Código único | C18: BP
A29: Responsabilidad | B29: Descripción | D29: Entradas | G29: Salida | H29: Políticas (Reglas de Negocio) | J29: Excepción
C30: Parámetro | D30: Tipo de dato | E30: Descripción | F30: Tipo de Dato | G30: Descripción | H30: Política | I30: Descripción | J30: Detalle | K30: ¿Qué hago?
A31: Consultar información de un empleado aerolínea | B31: Permite actualizar la información de un empleado que ya existe en la aerolínea | C31: Filtro | D31: Empleado Aerolinea | E31: Contiene la información de los filtros que servirán como base para llevar a cabo la consulta de la información | F31: Lista<Empleado Aerolinea> | G31: Contiene la información de todos los empleados de la Aerolínea que cumplen con el filtro de consulta | H31: EmpleadoAerolinea-POL-0001 | I31: Asegurar que los datos que fueron enviados como filtro para llevar a cabo la acción sean válidos a nivel de tipo de dato, longitud, obligatoriedad, formato y rango. | J31: Generar una excepción indicándole al usuario que no tiene permisos para consultar la informacion de una aerolinea | K31: Detener operación
A32: Editar Empleado Aerolínea | B32: Permite editar todos los detalles de un empleado de una aerolínea | C32: Id | D32: Alfanumérico | E32: Contiene la información del identificador del empleado de la aerolínea para la cual se va a modificar la información | H32: EmpleadoAerolinea-POL-0003 | I32: El empleado de la Aerolínea debe estar previamente registrado | J32: Generar una excepción indicándole al usuario que existen problemas con los datos y de ser posible indicarle cómo solucionarlos. | K32: Detener operación
C33: Datos | D33: Empleado Aerolínea | E33: Contiene los datos que se van a modificar dentro de empleado aerolínea | H33: EmpleadoAerolinea-POL-0002 | I33: Asegurar que los datos requeridos para llevar a cabo la acción sean válidos a nivel de tipo de dato, longitud, obligatoriedad, formato y rango. | J33: Generar una excepción indicándole al usuario que existen problemas con los datos y de ser posible indicarle cómo solucionarlos. | K33: Detener operación
D34: Empleado Aerolínea | E34: Contiene los datos que se van a agregar para registrar un empleado aerolínea | H34: Empleado Aerolinea-POL-0004 | I34: El id de un empleado de una aerolínea no puede repetirse | J34: Generar una excepción indicándole al usuario que existen problemas con los datos y de ser posible indicarle cómo solucionarlos. | K34: Detener operación
A35: Agregar Empleado Aerolínea | B35: Permite agregar todos los detalles de un empleado de una aerolínea | C35: Datos | H35: Empleado Aerolinea-POL-0005 | I35: No puede existir más de un empleado de una aerolínea con el mismo número BP | J35: Generar una excepción indicándole al usuario que existen problemas con los datos y de ser posible indicarle cómo solucionarlos. | K35: Detener operación
H36: EmpleadoAerolinea-POL-0002 | I36: Asegurar que los datos requeridos para llevar a cabo la acción sean válidos a nivel de tipo de dato, longitud, obligatoriedad, formato y rango. | J36: Generar una excepción indicándole al usuario que existen problemas con los datos y de ser posible indicarle cómo solucionarlos. | K36: Detener operación
A37: Activar empleado aerolínea | B37: Permite activar un empleado de la aerolínea | C37: id | D37: Alfanumérico | E37: Contiene la información del identificador del empleado aerolínea para la cual se va a modificar la información | H37: EmpleadoAerolinea-POL-0006 | I37: El empleado Aerolínea debe estar previamente inactivado | J37: Generar una excepción indicándole al usuario que existen problemas con los datos y de ser posible indicarle cómo solucionarlos. | K37: Detener operación
C38: Vigente | D38: Logico | H38: EmpleadoAerolinea-POL-0002 | I38: Asegurar que los datos requeridos para llevar a cabo la acción sean válidos a nivel de tipo de dato, longitud, obligatoriedad, formato y rango. | J38: Generar una excepción indicándole al usuario que existen problemas con los datos y de ser posible indicarle cómo solucionarlos. | K38: Detener operación
A39: Inactivar empleado aerolínea | B39: Permite inactivar un empleado de la aerolínea | C39: id | D39: Alfanumérico | E39: Contiene la información del identificador del empleado aerolínea para la cual se va a modificar la información | H39: EmpleadoAerolinea-POL-0007 | I39: La Aerolínea debe estar previamente activada | J39: Generar una excepción indicándole al usuario que existen problemas con los datos y de ser posible indicarle cómo solucionarlos. | K39: Detener operación
C40: Vigente | D40: Logico | H40: EmpleadoAerolinea-POL-0002 | I40: Asegurar que los datos requeridos para llevar a cabo la acción sean válidos a nivel de tipo de dato, longitud, obligatoriedad, formato y rango. | J40: Generar una excepción indicándole al usuario que existen problemas con los datos y de ser posible indicarle cómo solucionarlos. | K40: Detener operación

Sheet EmpleadoAerolinea_Muestreo
A1: << Modelo de dominio | B1: << Objetos de dominio | C1: Caracterización objeto >>
A2: Corresponde a un identificador único del usuario dentro del objeto de dominio EmpleadoAerolinea. | B2: Corresponde a que aerolínea pertenece el usuario. | C2: Corresponde al número de identificación del usuario. | D2: Corresponde al código de la aerolínea a la que pertenece el empleado. | E2: Corresponde a la fecha de inicio del empleado. | F2: Corresponde a la fecha de salida del empleado. | G2: Corresponde al estado actual del empleado. | H2: El número de identificación del empleado y el nombre de la aerolínea no pueden repetirse. | I2: El nombre del empleado y el código bp de la aerolínea no pueden repetirse.
A3: Id | B3: Aerolínea | C3: Empleado | D3: BP | E3: FechaInicio | F3: FechaSalida | G3: Vigente | H3: Combinación única 1 | I3: Combinación única 1
A4: 17633023-2F0C-4883-B2A6-94EC46D49588 | B4: =Aerolinea_Muestreo!B4 -> Latam Airlines | C4: =Empleado_Muestreo!F4 -> 4793695555 | D4: 4472021 | E4: 43781 | F4: 45608 | G4: Activo | H4: =_xlfn.CONCAT(B4,"-",C4) -> Latam Airlines-4793695555 | I4: =_xlfn.CONCAT(B4,"-",D4) -> Latam Airlines-4472021
A5: 49455CA1-D960-4FFF-8799-6BA3996AE49B | B5: =Aerolinea_Muestreo!B5 -> Avianca | C5: =Empleado_Muestreo!F5 -> 3076070479 | D5: 4472023 | E5: 43781 | F5: 46703 | G5: Activo | H5: =_xlfn.CONCAT(B5,"-",C5) -> Avianca-3076070479 | I5: =_xlfn.CONCAT(B5,"-",C5) -> Avianca-3076070479
A6: 36E4E7C0-27B0-400E-8977-6F79F831C470 | B6: =Aerolinea_Muestreo!$B$4 -> Latam Airlines | C6: =Empleado_Muestreo!F6 -> 2624934007 | D6: 4472024 | E6: 43782 | F6: 46704 | G6: Activo | H6: =_xlfn.CONCAT(B6,"-",C6) -> Latam Airlines-2624934007 | I6: =_xlfn.CONCAT(B6,"-",C6) -> Latam Airlines-2624934007
A7: 800AFA04-D194-4F8C-BAD7-B432CD0096EC | B7: =Aerolinea_Muestreo!$B$4 -> Latam Airlines | C7: =Empleado_Muestreo!F7 -> 9772141874 | D7: 4472025 | E7: 43783 | F7: 46705 | G7: Activo | H7: =_xlfn.CONCAT(B7,"-",C7) -> Latam Airlines-9772141874 | I7: =_xlfn.CONCAT(B7,"-",C7) -> Latam Airlines-9772141874
A8: 1C5EA81F-0F58-4AAC-88BB-32F2CD1C7FAE | B8: =Aerolinea_Muestreo!$B$4 -> Latam Airlines | C8: =Empleado_Muestreo!F8 -> 4544544844 | D8: 4472026 | E8: 43784 | F8: 46706 | G8: Activo | H8: =_xlfn.CONCAT(B8,"-",C8) -> Latam Airlines-4544544844 | I8: =_xlfn.CONCAT(B8,"-",C8) -> Latam Airlines-4544544844
A9: 7CA9AD6D-C9A2-43AA-8BCF-C420E637799E | B9: =Aerolinea_Muestreo!$B$4 -> Latam Airlines | C9: =Empleado_Muestreo!F9 -> 7126526524 | D9: 4472027 | E9: 43785 | F9: 46707 | G9: Activo | H9: =_xlfn.CONCAT(B9,"-",C9) -> Latam Airlines-7126526524 | I9: =_xlfn.CONCAT(B9,"-",C9) -> Latam Airlines-7126526524
A10: 5DC5CBD2-6A3D-452E-B5EF-BBFD7F1A1ACE | B10: =Aerolinea_Muestreo!$B$4 -> Latam Airlines | C10: =Empleado_Muestreo!F10 -> 5252366987 | D10: 4472028 | E10: 43786 | F10: 46708 | G10: Activo | H10: =_xlfn.CONCAT(B10,"-",C10) -> Latam Airlines-5252366987 | I10: =_xlfn.CONCAT(B10,"-",C10) -> Latam Airlines-5252366987
A11: 5241341E-E691-4462-B240-0437D6D2C469 | B11: =Aerolinea_Muestreo!$B$4 -> Latam Airlines | C11: =Empleado_Muestreo!F11 -> 9463256223 | D11: 4472029 | E11: 43787 | F11: 46709 | G11: Activo | H11: =_xlfn.CONCAT(B11,"-",C11) -> Latam Airlines-9463256223 | I11: =_xlfn.CONCAT(B11,"-",C11) -> Latam Airlines-9463256223
A12: 5559007A-6D95-4778-B318-155EE40D15D6 | B12: =Aerolinea_Muestreo!$B$4 -> Latam Airlines | C12: =Empleado_Muestreo!F12 -> 1040278781 | D12: 4472030 | E12: 43788 | F12: 46710 | G12: Activo | H12: =_xlfn.CONCAT(B12,"-",C12) -> Latam Airlines-1040278781 | I12: =_xlfn.CONCAT(B12,"-",C12) -> Latam Airlines-1040278781
A13: 204B9547-E169-4121-A76C-92E9CEE6DC70 | B13: =Aerolinea_Muestreo!$B$4 -> Latam Airlines | C13: =Empleado_Muestreo!F13 -> 6728980096 | D13: 4472032 | E13: 43789 | F13: 46711 | G13: Activo | H13: =_xlfn.CONCAT(B13,"-",C13) -> Latam Airlines-6728980096 | I13: =_xlfn.CONCAT(B13,"-",C13) -> Latam Airlines-6728980096
A14: 35C50391-2D66-4457-9162-15493731B9CB | B14: =Aerolinea_Muestreo!$B$4 -> Latam Airlines | C14: =Empleado_Muestreo!F14 -> 9294573253 | D14: 4472033 | E14: 43790 | F14: 46712 | G14: Activo | H14: =_xlfn.CONCAT(B14,"-",C14) -> Latam Airlines-9294573253 | I14: =_xlfn.CONCAT(B14,"-",C14) -> Latam Airlines-9294573253
A15: 0D0AAF8E-D60B-43C9-BC61-35D6D63313BE | B15: =Aerolinea_Muestreo!$B$4 -> Latam Airlines | C15: =Empleado_Muestreo!F15 -> 7211967413 | D15: 4472034 | E15: 43791 | F15: 46713 | G15: Activo | H15: =_xlfn.CONCAT(B15,"-",C15) -> Latam Airlines-7211967413 | I15: =_xlfn.CONCAT(B15,"-",C15) -> Latam Airlines-7211967413
A16: 0609FCE1-8D96-4840-84DC-84192FF8B8B9 | B16: =Aerolinea_Muestreo!$B$4 -> Latam Airlines | C16: =Empleado_Muestreo!F16 -> 3987574031 | D16: 4472035 | E16: 43792 | F16: 46714 | G16: Activo | H16: =_xlfn.CONCAT(B16,"-",C16) -> Latam Airlines-3987574031 | I16: =_xlfn.CONCAT(B16,"-",C16) -> Latam Airlines-3987574031
A17: 6C18E768-C1F9-4FBF-B23C-121BF42D10EF | B17: =Aerolinea_Muestreo!$B$4 -> Latam Airlines | C17: =Empleado_Muestreo!F17 -> 3288286437 | D17: 4472036 | E17: 43793 | F17: 46715 | G17: Activo | H17: =_xlfn.CONCAT(B17,"-",C17) -> Latam Airlines-3288286437 | I17: =_xlfn.CONCAT(B17,"-",C17) -> Latam Airlines-3288286437
... A23: 5C345C78-F4DF-4B1C-AA40-8B5E4C2E9A68 | B23: =Aerolinea_Muestreo!$B$4 -> Latam Airlines | C23: =Empleado_Muestreo!F23 -> 1036952691 | D23: 4472022 | E23: 43799 | F23: 46721 | G23: Activo | H23: =_xlfn.CONCAT(B23,"-",C23) -> Latam Airlines-1036952691 | I23: =_xlfn.CONCAT(B23,"-",C23) -> Latam Airlines-1036952691
G26: el campo vigente es calculado con base en la fecha de inicio y de salida

Sheet Fabricante_Caracterización
A1: << Modelo de dominio | B1: << Objetos de dominio | C1: << Muestreo Datos
A2: ='Objetos Dominio'!$A$2 -> Nombre | B2: ='Objetos Dominio'!$A$11 -> Fabricante
A3: ='Objetos Dominio'!$B$2 -> Tipo | B3: ='Objetos Dominio'!$B$11 -> Propio
A4: ='Objetos Dominio'!$C$2 -> Contexto Origen | B4: ='Objetos Dominio'!$C$11 -> Flight Hours
A5: ='Objetos Dominio'!$D$2 -> Descripción | B5: ='Objetos Dominio'!$D$11 -> Objeto de dominio que representa al fabricante del avión
A6: Atributo | B6: Tipo de Dato | C6: Longitud mínima | D6: Longitud máxima | E6: Precisión | F6: Cantidad cifras redondeo | G6: Tipo redondeo | H6: Rango Inicial | I6: Rango Final | J6: Formato | K6: Valor por defecto | L6: Regla especial | M6: ¿Quitar espacios en blanco al inicio? | N6: ¿Quitar espacios en blanco al final? | O6: ¿Auto generado? | P6: ¿Calculado? | Q6: ¿Obligatorio? | R6: ¿Modificable? | S6: ¿Sensible? | T6: ¿Identifica al registro? | U6: Descripción | V6: =A22 -> Consultar fabricante
A7: =Fabricante_Muestreo!$A$3 -> Id | B7: Alfanumérico | C7: 36 | D7: 36 | J7: XXXXXXXX-XXXX-XXXX-XXXX-XXXXXXXXXXXX donde X es cualquier digito o una letra de la "A" a la "F" | M7: SI | N7: SI | O7: SI | P7: NO | Q7: SI | R7: NO | S7: NO | T7: SI | U7: =Fabricante_Muestreo!$A$2 -> Corresponde a un identificador único de la cuenta dentro del objeto de dominio Fabricante. | V7: Filtro/Listar/ No Mostrar
A8: =Fabricante_Muestreo!$B$3 -> Nombre | B8: Alfanumérico | C8: 6 | D8: 6 | J8: Cualquier cadena que incluye caracteres alfanuméricos, espacios, tildes(A-Z / a-z) | M8: SI | N8: SI | O8: NO | P8: NO | Q8: SI | R8: SI | S8: NO | T8: NO | U8: =Fabricante_Muestreo!$B$2 -> Corresponde al nombre del fabricante | V8: Filtro/Listar/Mostrar[Orden{1}/CriterioOrdenamiento{1, ASC}/BusquedaGeneral{SI}/Ordenador{NO}/Reordenamiento{NO}]
A12: Combinaciones únicas
A13: Nombre combinación | B13: Descripción | C13: Atributos
A14: Nombre único | B14: =Fabricante_Muestreo!$C$2 -> El nombre del fabricante no puede repetirse. | C14: =A8 -> Nombre
A20: Responsabilidad | B20: Descripción | D20: Entradas | G20: Salida | H20: Políticas (Reglas de Negocio) | J20: Excepción
C21: Parámetro | D21: Tipo de dato | E21: Descripción | F21: Tipo de Dato | G21: Descripción | H21: Política | I21: Descripción | J21: Detalle | K21: ¿Qué hago?
A22: Consultar fabricante | B22: Permite consultar toda la información de un fabricante | C22: Filtro | D22: Fabricante | E22: Contiene la información de los filtros que servirán como base para llevar a cabo la consulta de la información | F22: Lista<Fabricante> | G22: Contiene la información de todos los fabricantes que cumplen con el filtro de consulta | H22: Fabricante-POL-0001 | I22: Asegurar que los datos que fueron enviados como filtro para llevar a cabo la acción sean válidos a nivel de tipo de dato, longitud, obligatoriedad, formato y rango. | J22: Generar una excepción indicándole al usuario que existen problemas con los datos y de ser posible indicarle cómo solucionarlos. | K22: Detener operación

Sheet Fabricante_Muestreo
A1: << Modelo de dominio | B1: << Objetos de dominio | C1: Caracterización objeto >>
A2: Corresponde a un identificador único de la cuenta dentro del objeto de dominio Fabricante. | B2: Corresponde al nombre del fabricante | C2: El nombre del fabricante no puede repetirse.
A3: Id | B3: Nombre | C3: combinación única 1
A4: FCDE13AF-66B1-431E-AF58-013DBB61E7F2 | B4: Airbus | C4: =B4 -> Airbus
A5: 900F4003-09DD-4D68-ABA1-027FAE2FC167 | B5: Boeing | C5: =B5 -> Boeing

Sheet Familia_Caracterización
A1: b | B1: << Objetos de dominio | C1: << Muestreo Datos
A2: ='Objetos Dominio'!$A$2 -> Nombre | B2: ='Objetos Dominio'!$A$12 -> Familia
A3: ='Objetos Dominio'!$B$2 -> Tipo | B3: ='Objetos Dominio'!$B$12 -> Referenciado
A4: ='Objetos Dominio'!$C$2 -> Contexto Origen | B4: ='Objetos Dominio'!$C$12 -> 0
A5: ='Objetos Dominio'!$D$2 -> Descripción | B5: ='Objetos Dominio'!$D$12 -> Objeto de dominio que representa la familia a la que pertenece el avión
A6: Atributo | B6: Tipo de Dato | C6: Longitud mínima | D6: Longitud máxima | E6: Precisión | F6: Cantidad cifras redondeo | G6: Tipo redondeo | H6: Rango Inicial | I6: Rango Final | J6: Formato | K6: Valor por defecto | L6: Regla especial | M6: ¿Quitar espacios en blanco al inicio? | N6: ¿Quitar espacios en blanco al final? | O6: ¿Auto generado? | P6: ¿Calculado? | Q6: ¿Obligatorio? | R6: ¿Modificable? | S6: ¿Sensible? | T6: ¿Identifica al registro? | U6: Descripción | V6: =A25 -> Consultar información de una familia de una aeronave
A7: =Familia_Muestreo!$A$3 -> Id | B7: Alfanumérico | C7: 36 | D7: 36 | J7: XXXXXXXX-XXXX-XXXX-XXXX-XXXXXXXXXXXX Donde X es cualquier digito o una letra de la "A" a la "F" | M7: SI | N7: SI | O7: SI | P7: NO | Q7: SI | R7: NO | S7: NO | T7: SI | U7: =Familia_Muestreo!$A$2 -> Corresponde a un identificador único de la familia a la que el avión pertenece dentro del objeto de dominio familia. | V7: Filtro/Listar/ No Mostrar
A8: =Familia_Muestreo!$B$3 -> Nombre | B8: Alfanumérico | C8: 4 | D8: 5 | J8: X### Cualquier cadena que incluye caracteres alfanuméricos(A-Z/a-z) y espacios | M8: SI | N8: SI | O8: NO | P8: NO | Q8: SI | R8: SI | S8: NO | T8: NO | U8: =Familia_Muestreo!$B$2 -> Corresponde al nombre de familia del avión, el cual puede ser gestionado en cualquier momento. | V8: Filtro/Listar/Mostrar[Orden{1}/CriterioOrdenamiento{1, ASC}/BusquedaGeneral{SI}/Ordenador{NO}/Reordenamiento{NO}]
A9: =Familia_Muestreo!$C$3 -> Fabricante | B9: Fabricante | M9: NO | N9: NO | O9: NO | P9: NO | Q9: SI | R9: SI | S9: NO | T9: NO | U9: =Familia_Muestreo!$C$2 -> Corresponde al fabricante del avión. | V9: Filtro/Listar/Mostrar[Orden{2}/CriterioOrdenamiento{1, ASC}/BusquedaGeneral{SI}/Ordenador{NO}/Reordenamiento{NO}/PropiedadesMostrar{ Fabricante.Nombre,Fabricante.Fabricante}]
A11: Combinaciones únicas
A12: Nombre combinación | B12: Descripción | C12: Atributos
A13: Nombre único | B13: =Familia_Muestreo!$D$2 -> El nombre de la familia no se puede repetir. | C13: =A8 -> Nombre
A23: Responsabilidad | B23: Descripción | D23: Entradas | G23: Salida | H23: Políticas (Reglas de Negocio) | J23: Excepción
C24: Parámetro | D24: Tipo de dato | E24: Descripción | F24: Tipo de Dato | G24: Descripción | H24: Política | I24: Descripción | J24: Detalle | K24: ¿Qué hago?
A25: Consultar información de una familia de una aeronave | B25: Permite actualizar la información de una familia que ya existe | C25: Filtro | D25: Familia | E25: Contiene la información de los filtros que servirán como base para llevar a cabo la consulta de la información | F25: Lista<Familia> | G25: Contiene la información de todas las familias que cumplen con el filtro de consulta | H25: Familia-POL-001 | I25: Asegurar que los datos que fueron enviados como filtro para llevar a cabo la acción sean válidos a nivel de tipo de dato, longitud, obligatoriedad, formato y rango. | J25: Generar una excepción indicándole al usuario que existen problemas con los datos y de ser posible indicarle cómo solucionarlos. | K25: Detener operación

Sheet Familia_Muestreo
A1: << Modelo de dominio | B1: << Objetos de dominio | C1: Caracterización objeto >>
A2: Corresponde a un identificador único de la familia a la que el avión pertenece dentro del objeto de dominio familia. | B2: Corresponde al nombre de familia del avión, el cual puede ser gestionado en cualquier momento. | C2: Corresponde al fabricante del avión. | D2: El nombre de la familia no se puede repetir.
A3: Id | B3: Nombre | C3: Fabricante | D3: Combinación única 1
A4: F1F81D1E-0F45-4E7F-A1AE-1F347FC5DE7A | B4: A318 | C4: Airbus | D4: =B4&"-"&C4 -> A318-Airbus
A5: 0E60C646-884D-44F5-8100-276CC518FB4F | B5: A319 | C5: Airbus | D5: =B5&"-"&C5 -> A319-Airbus
A6: E6D0A983-8B10-4074-9016-4639C1FAB6A4 | B6: A320 | C6: Airbus | D6: =B6&"-"&C6 -> A320-Airbus
A7: 044C4B1F-7BF9-4C34-8748-592D0198B3B3 | B7: A321 | C7: Airbus | D7: =B7&"-"&C7 -> A321-Airbus

Sheet Matricula_Caracterización
A1: << Modelo de dominio | B1: << Objetos de dominio | C1: << Muestreo Datos
A2: ='Objetos Dominio'!$A$2 -> Nombre | B2: ='Objetos Dominio'!$A$13 -> Matricula
A3: ='Objetos Dominio'!$B$2 -> Tipo | B3: ='Objetos Dominio'!$B$13 -> Referenciado
A4: ='Objetos Dominio'!$C$2 -> Contexto Origen | B4: ='Objetos Dominio'!$C$13 -> 0
A5: ='Objetos Dominio'!$D$2 -> Descripción | B5: ='Objetos Dominio'!$D$13 -> Objeto de domino que representa un código asignado a la aeronave por un país
A6: Atributo | B6: Tipo de Dato | C6: Longitud mínima | D6: Longitud máxima | E6: Precisión | F6: Cantidad cifras redondeo | G6: Tipo redondeo | H6: Rango Inicial | I6: Rango Final | J6: Formato | K6: Valor por defecto | L6: Regla especial | M6: ¿Quitar espacios en blanco al inicio? | N6: ¿Quitar espacios en blanco al final? | O6: ¿Auto generado? | P6: ¿Calculado? | Q6: ¿Obligatorio? | R6: ¿Modificable? | S6: ¿Sensible? | T6: ¿Identifica al registro? | U6: Descripción | V6: =A24 -> Consultar Matricula | W6: =A26 -> Agregar Matricula | X6: =A29 -> Actualizar Matricula
A7: =Matricula_Muestreo!$A$3 -> Id | B7: Alfanumérico | C7: 36 | D7: 36 | J7: XXXXXXXX-XXXX-XXXX-XXXX-XXXXXXXXXXXX donde X es cualquier digito o una letra de la "A" a la "F" | M7: SI | N7: SI | O7: SI | P7: NO | Q7: SI | R7: NO | S7: NO | T7: SI | U7: =Matricula_Muestreo!A2 -> Corresponde a un identificador único de la matrícula de la aeronave. | V7: Filtro/Listar/ No Mostrar | W7: Requerido | X7: Requerido / No modificable
A8: =Matricula_Muestreo!$B$3 -> Numero | B8: Alfanumérico | C8: 5 | D8: 7 | J8: Cualquier cadena que incluye caracteres alfanuméricos(A-Z ) (0-9). | M8: SI | N8: SI | O8: SI | P8: NO | Q8: SI | R8: SI | S8: SI | T8: SI | U8: =Matricula_Muestreo!B2 -> Corresponde al modelo que tiene asociado el avión | V8: Filtro/Listar/Mostrar[Orden{1}/CriterioOrdenamiento{1, ASC}/BusquedaGeneral{SI}/Ordenador{NO}/Reordenamiento{NO} ] | W8: Requerido | X8: Requerido / modificable
A9: =Matricula_Muestreo!$C$3 -> Modelo | B9: Modelo | M9: NO | N9: NO | O9: NO | P9: NO | Q9: SI | R9: SI | S9: NO | T9: NO | U9: =Matricula_Muestreo!C2 -> Corresponde al modelo que tiene asociado el avión | V9: Filtro/Listar/Mostrar[Orden{2}/CriterioOrdenamiento{1, ASC}/BusquedaGeneral{SI}/Ordenador{NO}/Reordenamiento{NO} /PropiedadesMostrar{ Modelo.Tipo,Modelo.Motor}] | W9: Requerido | X9: Requerido /No modificable
A10: =Matricula_Muestreo!$D$3 -> Aerolínea | B10: Aerolínea | M10: NO | N10: NO | O10: NO | P10: NO | Q10: SI | R10: SI | S10: NO | T10: NO | U10: =Matricula_Muestreo!D2 -> Corresponde al nombre de la aerolínea a la que pertenece el avión | V10: Filtro/Listar/Mostrar[Orden{3}/BusquedaGeneral{NO}/Ordenador{NO}/Reordenamiento{NO}/PropiedadesMostrar{ Aerolínea.Nombre} ] | W10: Requerido | X10: Requerido /No modificable
A15: Combinaciones únicas
A16: Nombre combinación | B16: Descripción | C16: Atributos
A17: Avión por matricula, familia y modelo único | B17: =Matricula_Muestreo!E2 -> Un avión no puede estar más de una vez configurado con la misma matricula y modelo | C17: =A8 -> Numero
C18: =A9 -> Modelo
A22: Responsabilidad | B22: Descripción | D22: Entradas | G22: Salida | H22: Políticas (Reglas de Negocio) | J22: Excepción
C23: Parámetro | D23: Tipo de dato | E23: Descripción | F23: Tipo de Dato | G23: Descripción | H23: Política | I23: Descripción | J23: Detalle | K23: ¿Qué hago?
A24: Consultar Matricula | B24: Permite obtener toda la información de la matricula | C24: Filtro | D24: Matricula | E24: Contiene la información de los filtros que servirán como base para llevar a cabo la consulta de la información | F24: Lista<Matricula> | G24: Contiene la información de todos los empleados de la Aerolínea que cumplen con el filtro de consulta | H24: Matricula-POL-0004 | I24: Asegurar que los datos que fueron enviados como filtro para llevar a cabo la acción sean válidos a nivel de tipo de dato, longitud, obligatoriedad, formato y rango. | J24: Generar una excepción indicándole al usuario que existen problemas con los datos y de ser posible indicarle cómo solucionarlos. | K24: Detener operación
H25: Matricula-POL-0003 | I25: solo personas autorizadas pueden consultar esta información | J25: Generar una excepción indicándole al usuario que no tiene permisos para consultar la información de una aerolínea | K25: Detener operación
A26: Agregar Matricula | B26: Permite actualizar la información de una matrícula que ya existe en la bitácora | C26: Datos | D26: Matricula | E26: Contiene los datos que se van a modificar dentro de empleado aerolínea | H26: Matricula-POL-0001 | I26: No puede existir más de una matrícula con el mismo id | J26: Generar una excepción indicándole al usuario que existen problemas con los datos y de ser posible indicarle cómo solucionarlos. | K26: Continuar operación
H27: Matricula-POL-0002 | I27: No deben existir matriculas duplicadas | K27: Continuar operación
H28: Matricula-POL-0003 | I28: Asegurar que los datos requeridos para llevar a cabo la acción sean válidos a nivel de tipo de dato, longitud, obligatoriedad, formato y rango. | J28: Generar una excepción indicándole al usuario que existen problemas con los datos y de ser posible indicarle cómo solucionarlos. | K28: Detener operación
A29: Actualizar Matricula | B29: Permite autenticar la información de una matrícula | C29: Id | D29: Alfanumérico | E29: Contiene la información del identificador del empleado de la aerolínea para la cual se va a modificar la información | H29: Matricula-POL-0001 | I29: No puede existir más de una matrícula con el mismo id | J29: Generar una excepción indicándole al usuario que existen problemas con los datos y de ser posible indicarle cómo solucionarlos. | K29: Detener operación
C30: Datos | D30: Matricula | E30: Contiene los datos que se van a modificar dentro de empleado aerolínea | H30: Matricula-POL-0003 | I30: Asegurar que los datos requeridos para llevar a cabo la acción sean válidos a nivel de tipo de dato, longitud, obligatoriedad, formato y rango. | J30: Generar una excepción indicándole al usuario que existen problemas con los datos y de ser posible indicarle cómo solucionarlos. | K30: Detener operación
H31: Matricula-POL-0002 | I31: No deben existir matriculas duplicadas | J31: Generar una excepción indicándole al usuario que existen problemas con los datos y de ser posible indicarle cómo solucionarlos. | K31: Detener operación

Sheet Matricula_Muestreo
A1: << Modelo de dominio | B1: << Objetos de dominio | C1: Caracterización objeto >>
A2: Corresponde a un identificador único de la matrícula de la aeronave. | B2: Corresponde al modelo que tiene asociado el avión | C2: Corresponde al modelo que tiene asociado el avión | D2: Corresponde al nombre de la aerolínea a la que pertenece el avión | E2: Un avión no puede estar más de una vez configurado con la misma matricula y modelo
A3: Id | B3: Numero | C3: Modelo | D3: Aerolínea | E3: Combinación única 1
A4: 6633A10F-08FA-4F2C-A70A-19B160E486FA | B4: CC-BAQ | C4: =Modelo_Muestreo!$F$6 -> A320-112 | D4: =Aerolinea_Muestreo!$F$4 -> Latam Airlines | E4: =_xlfn.CONCAT(B4," ",C4) -> CC-BAQ A320-112
A5: 0A657015-11A8-48CC-BB2B-2EB0E8CBA9F2 | B5: CC-BAR | C5: =Modelo_Muestreo!$F$6 -> A320-112 | D5: =Aerolinea_Muestreo!$F$4 -> Latam Airlines | E5: =_xlfn.CONCAT(B5," ",C5) -> CC-BAR A320-112
A6: 1E828658-E0B7-4AD1-A33B-DEF92F245471 | B6: CC-BAS | C6: =Modelo_Muestreo!$F$6 -> A320-112 | D6: =Aerolinea_Muestreo!$F$4 -> Latam Airlines | E6: =_xlfn.CONCAT(B6," ",C6) -> CC-BAS A320-112
A7: A291AF6F-A4D4-4B02-85A1-ED806A0952FF | B7: CC-BAW | C7: =Modelo_Muestreo!$F$6 -> A320-112 | D7: =Aerolinea_Muestreo!$F$4 -> Latam Airlines | E7: =_xlfn.CONCAT(B7," ",C7) -> CC-BAW A320-112
A8: 36E4E7C0-27B0-400E-8977-6F79F831C470 | B8: CC-BAX | C8: =Modelo_Muestreo!$F$6 -> A320-112 | D8: =Aerolinea_Muestreo!$F$4 -> Latam Airlines | E8: =_xlfn.CONCAT(B8," ",C8) -> CC-BAX A320-112
A9: 800AFA04-D194-4F8C-BAD7-B432CD0096EC | B9: CC-BFA | C9: =Modelo_Muestreo!$F$6 -> A320-112 | D9: =Aerolinea_Muestreo!$F$4 -> Latam Airlines | E9: =_xlfn.CONCAT(B9," ",C9) -> CC-BFA A320-112
A10: 1C5EA81F-0F58-4AAC-88BB-32F2CD1C7FAE | B10: CC-COX | C10: =Modelo_Muestreo!$F$5 -> A319-112 | D10: =Aerolinea_Muestreo!$F$4 -> Latam Airlines | E10: =_xlfn.CONCAT(B10," ",C10) -> CC-COX A319-112
A11: 7CA9AD6D-C9A2-43AA-8BCF-C420E637799E | B11: CC-CPL | C11: =Modelo_Muestreo!$F$5 -> A319-112 | D11: =Aerolinea_Muestreo!$F$4 -> Latam Airlines | E11: =_xlfn.CONCAT(B11," ",C11) -> CC-CPL A319-112
A12: 5DC5CBD2-6A3D-452E-B5EF-BBFD7F1A1ACE | B12: CC-CPQ | C12: =Modelo_Muestreo!$F$5 -> A319-112 | D12: =Aerolinea_Muestreo!$F$4 -> Latam Airlines | E12: =_xlfn.CONCAT(B12," ",C12) -> CC-CPQ A319-112
A13: 5241341E-E691-4462-B240-0437D6D2C469 | B13: CC-CPJ | C13: =Modelo_Muestreo!$F$5 -> A319-112 | D13: =Aerolinea_Muestreo!$F$4 -> Latam Airlines | E13: =_xlfn.CONCAT(B13," ",C13) -> CC-CPJ A319-112
A14: 5559007A-6D95-4778-B318-155EE40D15D6 | B14: CC-COU | C14: =Modelo_Muestreo!$F$5 -> A319-112 | D14: =Aerolinea_Muestreo!$F$4 -> Latam Airlines | E14: =_xlfn.CONCAT(B14," ",C14) -> CC-COU A319-112
A15: 204B9547-E169-4121-A76C-92E9CEE6DC70 | B15: CC-COY | C15: =Modelo_Muestreo!$F$5 -> A319-112 | D15: =Aerolinea_Muestreo!$F$4 -> Latam Airlines | E15: =_xlfn.CONCAT(B15," ",C15) -> CC-COY A319-112
A16: 35C50391-2D66-4457-9162-15493731B9CB | B16: CC-COZ | C16: =Modelo_Muestreo!$F$5 -> A319-112 | D16: =Aerolinea_Muestreo!$F$4 -> Latam Airlines | E16: =_xlfn.CONCAT(B16," ",C16) -> CC-COZ A319-112
A17: 0D0AAF8E-D60B-43C9-BC61-35D6D63313BE | B17: CC-CPF | C17: =Modelo_Muestreo!$F$5 -> A319-112 | D17: =Aerolinea_Muestreo!$F$4 -> Latam Airlines | E17: =_xlfn.CONCAT(B17," ",C17) -> CC-CPF A319-112
A18: 0609FCE1-8D96-4840-84DC-84192FF8B8B9 | B18: CC-CPE | C18: =Modelo_Muestreo!$F$5 -> A319-112 | D18: =Aerolinea_Muestreo!$F$4 -> Latam Airlines | E18: =_xlfn.CONCAT(B18," ",C18) -> CC-CPE A319-112
A19: 6C18E768-C1F9-4FBF-B23C-121BF42D10EF | B19: CC-BAC | C19: =Modelo_Muestreo!$F$6 -> A320-112 | D19: =Aerolinea_Muestreo!$F$4 -> Latam Airlines | E19: =_xlfn.CONCAT(B19," ",C19) -> CC-BAC A320-112
A20: 4FC19700-56F7-48E6-83DC-83D6B7A6F355 | B20: CC-BAF | C20: =Modelo_Muestreo!$F$6 -> A320-112 | D20: =Aerolinea_Muestreo!$F$4 -> Latam Airlines | E20: =_xlfn.CONCAT(B20," ",C20) -> CC-BAF A320-112
A21: 85D426E0-7FFC-4D2F-81D3-E09441B49B72 | B21: CC-BFC | C21: =Modelo_Muestreo!$F$6 -> A320-112 | D21: =Aerolinea_Muestreo!$F$4 -> Latam Airlines | E21: =_xlfn.CONCAT(B21," ",C21) -> CC-BFC A320-112
A22: 757B044C-C358-491A-AEDE-2F25A8E35760 | B22: CC-BAD | C22: =Modelo_Muestreo!$F$6 -> A320-112 | D22: =Aerolinea_Muestreo!$F$4 -> Latam Airlines | E22: =_xlfn.CONCAT(B22," ",C22) -> CC-BAD A320-112
A23: 76DD0164-E4D0-489F-AD91-CD5C2A72853D | B23: CC-CQN | C23: =Modelo_Muestreo!$F$6 -> A320-112 | D23: =Aerolinea_Muestreo!$F$4 -> Latam Airlines | E23: =_xlfn.CONCAT(B23," ",C23) -> CC-CQN A320-112

Sheet Modelo_Caracterización
A1: << Modelo de dominio | B1: << Objetos de dominio | C1: << Muestreo Datos
A2: ='Objetos Dominio'!$A$2 -> Nombre | B2: ='Objetos Dominio'!A14 -> Modelo
A3: ='Objetos Dominio'!$B$2 -> Tipo | B3: ='Objetos Dominio'!B14 -> Referenciado
A4: ='Objetos Dominio'!$C$2 -> Contexto Origen | B4: ='Objetos Dominio'!C14 -> 0
A5: ='Objetos Dominio'!$D$2 -> Descripción | B5: ='Objetos Dominio'!D14 -> Objeto de dominio que representa el tipo motor y nombre de la aeronave
A6: Atributo | B6: Tipo de Dato | C6: Longitud mínima | D6: Longitud máxima | E6: Precisión | F6: Cantidad cifras redondeo | G6: Tipo redondeo | H6: Rango Inicial | I6: Rango Final | J6: Formato | K6: Valor por defecto | L6: Regla especial | M6: ¿Quitar espacios en blanco al inicio? | N6: ¿Quitar espacios en blanco al final? | O6: ¿Auto generado? | P6: ¿Calculado? | Q6: ¿Obligatorio? | R6: ¿Modificable? | S6: ¿Sensible? | T6: ¿Identifica al registro? | U6: Descripción | V6: =A28 -> Consultar Modelo Aeronave
A7: =Modelo_Muestreo!$A$3 -> Id | B7: Alfanumérico | C7: 36 | D7: 36 | J7: XXXXXXXX-XXXX-XXXX-XXXX-XXXXXXXXXXXX donde X es cualquier digito o una letra de la "A" a la "F" | M7: SI | N7: SI | O7: SI | P7: NO | Q7: SI | R7: NO | S7: NO | T7: SI | U7: =Modelo_Muestreo!$A$2 -> Corresponde a un identificador único del modelo del avión dentro del objeto de dominio. | V7: Filtro/Listar/ No Mostrar
A8: =Modelo_Muestreo!$B$3 -> Tipo | B8: Tipo | M8: NO | N8: NO | O8: NO | P8: NO | Q8: SI | R8: SI | S8: NO | T8: NO | U8: =Modelo_Muestreo!$C$2 -> Corresponde al tipo de motor al cual estará asociado el modelo que puede tener y el cual puede ser gestionado en cualquier momento. | V8: Filtro/Listar/Mostrar[Orden{1}/CriterioOrdenamiento{1, ASC}/BusquedaGeneral{SI}/Ordenador{NO}/Reordenamiento{NO}/PropiedadesMostrar{ Tipo.Nombre,Tipo.Familia}]
A9: =Modelo_Muestreo!$C$3 -> Motor | B9: Motor | M9: NO | N9: NO | O9: NO | P9: NO | Q9: SI | R9: SI | S9: NO | T9: NO | U9: =Modelo_Muestreo!$B$2 -> Corresponde al tipo de avión asociado ,el cual puede ser gestionado en cualquier momento. | V9: Filtro/Listar/Mostrar[Orden{2}/CriterioOrdenamiento{1, ASC}/BusquedaGeneral{SI}/Ordenador{NO}/Reordenamiento{NO}/PropiedadesMostrar{ Motor.Nombre}]
A10: =Modelo_Muestreo!$D$3 -> Nombre | B10: Alfanumérico | C10: 8 | D10: 8 | J10: X###-### Cualquier cadena que incluye caracteres alfanuméricos(A-Z/a-z) y espacios | M10: NO | N10: NO | O10: NO | P10: NO | Q10: SI | R10: SI | S10: NO | T10: NO | U10: =Modelo_Muestreo!$B$2 -> Corresponde al tipo de avión asociado ,el cual puede ser gestionado en cualquier momento. | V10: Filtro/Listar/Mostrar[Orden{3}/CriterioOrdenamiento{1, ASC}/BusquedaGeneral{SI}/Ordenador{NO}/Reordenamiento{NO}]
A13: Combinaciones únicas
A14: Nombre combinación | B14: Descripción | C14: Atributos
A15: motor único | B15: =Modelo_Muestreo!$E$2 -> Un tipo de motor no puede estar asociado al mismo tipo de avión | C15: =A8 -> Tipo
A16: tipo único | B16: =Modelo_Muestreo!F2 -> Un nombre de modelo no puede estar más de una vez asociado al mismo avión. | C16: =A9 -> Motor
A26: Responsabilidad | B26: Descripción | D26: Entradas | G26: Salida | H26: Políticas (Reglas de Negocio) | J26: Excepción
C27: Parámetro | D27: Tipo de dato | E27: Descripción | F27: Tipo de Dato | G27: Descripción | H27: Política | I27: Descripción | J27: Detalle | K27: ¿Qué hago?
A28: Consultar Modelo Aeronave | B28: Permite obtener toda la información del modelo de una aeronave | C28: Filtro | D28: Modelo | E28: Contiene la información de los filtros que servirán como base para llevar a cabo la consulta de la información | F28: Lista<Modelo> | G28: Contiene la información de todos los modelos que cumplen con el filtro de consulta | H28: Modelo-POL-0001 | I28: Asegurar que los datos que fueron enviados como filtro para llevar a cabo la acción sean válidos a nivel de tipo de dato, longitud, obligatoriedad, formato y rango. | J28: Generar una excepción indicándole al usuario que existen problemas con los datos y de ser posible indicarle cómo solucionarlos. | K28: Detener operación

Sheet Modelo_Muestreo
A1: << Modelo de dominio | B1: << Objetos de dominio | C1: Caracterización objeto >>
A2: Corresponde a un identificador único del modelo del avión dentro del objeto de dominio. | B2: Corresponde al tipo de avión asociado ,el cual puede ser gestionado en cualquier momento. | C2: Corresponde al tipo de motor al cual estará asociado el modelo que puede tener y el cual puede ser gestionado en cualquier momento. | D2: Corresponde al nombre del modelo del avión. | E2: Un tipo de motor no puede estar asociado al mismo tipo de avión | F2: Un nombre de modelo no puede estar más de una vez asociado al mismo avión.
A3: Id | B3: Tipo | C3: Motor | D3: Nombre | E3: Combinación única 1 | F3: Combinación única 2
A4: 6633A10F-08FA-4F2C-A70A-19B160E486FA | B4: =Familia_Muestreo!D4 -> A318-Airbus | C4: CFM | D4: A318-112 | E4: =B4&"-"&C4 -> A318-Airbus-CFM | F4: =D4 -> A318-112
A5: 0A657015-11A8-48CC-BB2B-2EB0E8CBA9F2 | B5: =Familia_Muestreo!$D$5 -> A319-Airbus | C5: IAE | D5: A319-112 | E5: =B5&"-"&C5 -> A319-Airbus-IAE | F5: =D5 -> A319-112
A6: 1E828658-E0B7-4AD1-A33B-DEF92F245471 | B6: =Familia_Muestreo!$D$6 -> A320-Airbus | C6: CFM | D6: A320-112 | E6: =B6&"-"&C6 -> A320-Airbus-CFM | F6: =D6 -> A320-112
A7: A9AE7D8D-40B1-4A54-B873-268744DC9118 | B7: =Familia_Muestreo!D7 -> A321-Airbus | C7: IAE | D7: A321-112 | E7: =B7&"-"&C7 -> A321-Airbus-IAE | F7: =D7 -> A321-112

Sheet Motor_Caracterización
A1: << Modelo de dominio | B1: << Objetos de dominio | C1: << Muestreo Datos
A2: ='Objetos Dominio'!$A$2 -> Nombre | B2: ='Objetos Dominio'!$A$15 -> Motor
A3: ='Objetos Dominio'!$B$2 -> Tipo | B3: ='Objetos Dominio'!$B$15 -> Propio
A4: ='Objetos Dominio'!$C$2 -> Contexto Origen | B4: ='Objetos Dominio'!$C$15 -> Flight Hours
A5: ='Objetos Dominio'!$D$2 -> Descripción | B5: ='Objetos Dominio'!$D$15 -> Objeto de dominio que representa que tipo de motor tiene el avión
A6: Atributo | B6: Tipo de Dato | C6: Longitud mínima | D6: Longitud máxima | E6: Precisión | F6: Cantidad cifras redondeo | G6: Tipo redondeo | H6: Rango Inicial | I6: Rango Final | J6: Formato | K6: Valor por defecto | L6: Regla especial | M6: ¿Quitar espacios en blanco al inicio? | N6: ¿Quitar espacios en blanco al final? | O6: ¿Auto generado? | P6: ¿Calculado? | Q6: ¿Obligatorio? | R6: ¿Modificable? | S6: ¿Sensible? | T6: ¿Identifica al registro? | U6: Descripción | V6: =A22 -> Consultar la Información del Motor
A7: =Motor_Muestreo!$A$3 -> Id | B7: Alfanumérico | C7: 36 | D7: 36 | J7: XXXXXXXX-XXXX-XXXX-XXXX-XXXXXXXXXXXX donde X es cualquier digito o una letra de la "A" a la "F" | M7: SI | N7: SI | O7: SI | P7: NO | Q7: SI | R7: NO | S7: NO | T7: SI | U7: =Motor_Muestreo!$A$2 -> Corresponde a un identificador único del motor dentro del objeto de dominio Motor. | V7: Filtro/Listar/ No Mostrar
A8: =Motor_Muestreo!$B$3 -> Nombre | B8: Alfanumérico | C8: 3 | D8: 3 | J8: Cualquier cadena que incluye caracteres alfanuméricos(A-Z ) | M8: SI | N8: SI | O8: NO | P8: NO | Q8: SI | R8: SI | S8: NO | T8: NO | U8: =Motor_Muestreo!$B$2 -> Corresponde al nombre del motor. | V8: Filtro/Listar/Mostrar[Orden{1}/CriterioOrdenamiento{1, ASC}/BusquedaGeneral{SI}/Ordenador{NO}/Reordenamiento{NO}]
A12: Combinaciones únicas
A13: Nombre combinación | B13: Descripción | C13: Atributos
A14: Nombre único motor | B14: =Motor_Muestreo!$C$2 -> El nombre del motor no puede repetirse. | C14: =A8 -> Nombre
A20: Responsabilidad | B20: Descripción | D20: Entradas | G20: Salida | H20: Políticas (Reglas de Negocio) | J20: Excepción
C21: Parámetro | D21: Tipo de dato | E21: Descripción | F21: Tipo de Dato | G21: Descripción | H21: Política | I21: Descripción | J21: Detalle | K21: ¿Qué hago?
A22: Consultar la Información del Motor | B22: Permite consultar toda la información de un motor | C22: Filtro | D22: Motor | E22: Contiene la información de los filtros que servirán como base para llevar a cabo la consulta de la información | F22: Lista<Motor> | G22: Contiene la información de todas las Aerolíneas que cumplen con el filtro de consulta | H22: Motor-POL-0001 | I22: Asegurar que los datos que fueron enviados como filtro para llevar a cabo la acción sean válidos a nivel de tipo de dato, longitud, obligatoriedad, formato y rango. | J22: Generar una excepción indicándole al usuario que existen problemas con los datos y de ser posible indicarle cómo solucionarlos. | K22: Detener operación

Sheet Motor_Muestreo
A1: << Modelo de dominio | B1: << Objetos de dominio | C1: Caracterización objeto >>
A2: Corresponde a un identificador único del motor dentro del objeto de dominio Motor. | B2: Corresponde al nombre del motor. | C2: El nombre del motor no puede repetirse.
A3: Id | B3: Nombre | C3: Combinación única 1
A4: EDB33CAE-4617-43A8-85CB-7940F83984CC | B4: CFM | C4: =B4 -> CFM
A5: C4E27C68-1058-4988-8279-D21F817AFEF0 | B5: IAE | C5: =B5 -> IAE

Sheet Ruta_Caracterizacion
A1: << Modelo de dominio | B1: << Objetos de dominio | C1: << Muestreo Datos
A2: ='Objetos Dominio'!$A$2 -> Nombre | B2: ='Objetos Dominio'!$A$17 -> Ruta
A3: ='Objetos Dominio'!$B$2 -> Tipo | B3: ='Objetos Dominio'!$B$17 -> Referenciado
A4: ='Objetos Dominio'!$C$2 -> Contexto Origen | B4: ='Objetos Dominio'!$C$17 -> 0
A5: ='Objetos Dominio'!$D$2 -> Descripción | B5: ='Objetos Dominio'!$D$17 -> Objeto de dominio que representa el origen y destino de un vuelo de un aeropuerto a otro realizado por una aerolínea nacional o internacionalmente
A6: Atributo | B6: Tipo de Dato | C6: Longitud mínima | D6: Longitud máxima | E6: Precisión | F6: Cantidad cifras redondeo | G6: Tipo redondeo | H6: Rango Inicial | I6: Rango Final | J6: Formato | K6: Valor por defecto | L6: Regla especial | M6: ¿Quitar espacios en blanco al inicio? | N6: ¿Quitar espacios en blanco al final? | O6: ¿Auto generado? | P6: ¿Calculado? | Q6: ¿Obligatorio? | R6: ¿Modificable? | S6: ¿Sensible? | T6: ¿Identifica al registro? | U6: Descripción | V6: =A24 -> Consultar Información Ruta
A7: ='Ruta_Muestreo '!A3 -> Id | B7: Alfanumérico | C7: 36 | D7: 36 | J7: XXXXXXXX-XXXX-XXXX-XXXX-XXXXXXXXXXXX donde X es cualquier digito o una letra de la "A" a la "F" | M7: SI | N7: SI | O7: SI | P7: NO | Q7: SI | R7: NO | S7: NO | T7: SI | U7: ='Ruta_Muestreo '!A2 -> Corresponde a un identificador único de la ruta de la aerolínea por el tipo de aeropuerto dentro del objeto de dominio Ruta Aerolínea. | V7: Filtro/Listar/ No Mostrar
A8: ='Ruta_Muestreo '!B3 -> Aeropuerto Origen | B8: Aeropuerto | M8: NO | N8: NO | O8: NO | P8: NO | Q8: SI | R8: SI | S8: NO | T8: NO | U8: ='Ruta_Muestreo '!B2 -> Corresponde al código del aeropuerto de origen | V8: Filtro/Listar/Mostrar[Orden{1}/CriterioOrdenamiento{1, ASC}/BusquedaGeneral{SI}/Ordenador{NO}/Reordenamiento{NO}/PropiedadesMostrar{ Ruta.AreopuertoOrigen,Ruta.AreopuertoDestino}]
A9: ='Ruta_Muestreo '!C3 -> Aeropuerto Destino | B9: Aeropuerto | M9: SI | N9: SI | O9: NO | P9: NO | Q9: SI | R9: SI | S9: NO | T9: NO | U9: ='Ruta_Muestreo '!C2 -> Corresponde al código del aeropuerto de destino | V9: Filtro/Listar/Mostrar[Orden{2}/CriterioOrdenamiento{1, ASC}/BusquedaGeneral{SI}/Ordenador{NO}/Reordenamiento{NO} /PropiedadesMostrar{ Aerolinea.Código}]
A10: ='Ruta_Muestreo '!D3 -> Tipo Aeropuerto | B10: TipoAeropuerto | M10: SI | N10: SI | O10: NO | P10: SI | Q10: SI | R10: SI | S10: NO | T10: NO | U10: ='Ruta_Muestreo '!D2 -> Corresponde al tipo de vuelo que se realiza | V10: Filtro/Listar/Mostrar[Orden{3}/CriterioOrdenamiento{1, ASC}/BusquedaGeneral{SI}/Ordenador{NO}/Reordenamiento{NO}/PropiedadesMostrar{ TipoAreopuerto.Nombre}]
A11: ='Ruta_Muestreo '!E3 -> Tiempo Vuelo Estimado | B11: Fecha/Hora | M11: SI | N11: SI | O11: NO | P11: NO | Q11: SI | R11: SI | S11: NO | T11: NO | U11: ='Ruta_Muestreo '!E2 -> Corresponde al tiempo de vuelo estimado de acuerdo a la ruta | V11: Filtro/Listar/Mostrar[Orden{2}/CriterioOrdenamiento{1, ASC}/BusquedaGeneral{SI}/Ordenador{NO}/Reordenamiento{NO}]
A14: Combinaciones únicas
A15: Nombre combinación | B15: Descripción | C15: Atributos
A16: ruta único | B16: ='Ruta_Muestreo '!F2 -> La ruta no se puede repetir | C16: =A8 -> Aeropuerto Origen
C17: =A9 -> Aeropuerto Destino
A22: Responsabilidad | B22: Descripción | D22: Entradas | G22: Salida | H22: Políticas (Reglas de Negocio) | J22: Excepción
C23: Parámetro | D23: Tipo de dato | E23: Descripción | F23: Tipo de Dato | G23: Descripción | H23: Política | I23: Descripción | J23: Detalle | K23: ¿Qué hago?
A24: Consultar Información Ruta | B24: Permite obtener toda la información de ruta | C24: Filtro | D24: Ruta | E24: Contiene la información de los filtros que servirán como base para llevar a cabo la consulta de la información | F24: Lista<Ruta> | G24: Contiene la información de todas las rutas que cumplen con el filtro de consulta | H24: Ruta-POL-0001 | I24: Asegurar que los datos que fueron enviados como filtro para llevar a cabo la acción sean válidos a nivel de tipo de dato, longitud, obligatoriedad, formato y rango. | J24: Generar una excepción indicándole al usuario que no tiene permisos para consultar la información de una aerolínea | K24: Detener operación

Sheet Ruta_Muestreo 
A1: << Modelo de dominio | B1: << Objetos de dominio
A2: Corresponde a un identificador único de la ruta de la aerolínea por el tipo de aeropuerto dentro del objeto de dominio Ruta Aerolínea. | B2: Corresponde al código del aeropuerto de origen | C2: Corresponde al código del aeropuerto de destino | D2: Corresponde al tipo de vuelo que se realiza | E2: Corresponde al tiempo de vuelo estimado de acuerdo a la ruta | F2: La ruta no se puede repetir
A3: Id | B3: Aeropuerto Origen | C3: Aeropuerto Destino | D3: Tipo Aeropuerto | E3: Tiempo Vuelo Estimado | F3: Combinación única 1
A4: 6633A10F-08FA-4F2C-A70A-19B160E486FA | B4: BOG | C4: CLO | D4: =TipoAeropuerto_Muestreo!C$4 -> Nacional | E4: 0.04375 | F4: =_xlfn.CONCAT(B4,"-",C4) -> BOG-CLO
A5: 0A657015-11A8-48CC-BB2B-2EB0E8CBA9F2 | B5: CLO | C5: BOG | D5: =TipoAeropuerto_Muestreo!C$4 -> Nacional | E5: 0.042361111 | F5: =_xlfn.CONCAT(B5,"-",C5) -> CLO-BOG
A6: 1E828658-E0B7-4AD1-A33B-DEF92F245471 | B6: MDE | C6: BOG | D6: =TipoAeropuerto_Muestreo!C$4 -> Nacional | E6: 0.040277778 | F6: =_xlfn.CONCAT(B6,"-",C6) -> MDE-BOG
A7: A9AE7D8D-40B1-4A54-B873-268744DC9118 | B7: BOG | C7: MTR | D7: =TipoAeropuerto_Muestreo!C$4 -> Nacional | E7: 0.05625 | F7: =_xlfn.CONCAT(B7,"-",C7) -> BOG-MTR
A8: FCDE13AF-66B1-431E-AF58-013DBB61E7F2 | B8: MTR | C8: BOG | D8: =TipoAeropuerto_Muestreo!C$4 -> Nacional | E8: 0.057638889 | F8: =_xlfn.CONCAT(B8,"-",C8) -> MTR-BOG
A9: 900F4003-09DD-4D68-ABA1-027FAE2FC167 | B9: MDE | C9: SMR | D9: =TipoAeropuerto_Muestreo!C$4 -> Nacional | E9: 0.051388889 | F9: =_xlfn.CONCAT(B9,"-",C9) -> MDE-SMR
A10: 6DE42A01-070F-4256-99E4-0317F8D13ED9 | B10: SMR | C10: MDE | D10: =TipoAeropuerto_Muestreo!C$4 -> Nacional | E10: 0.052083333 | F10: =_xlfn.CONCAT(B10,"-",C10) -> SMR-MDE
A11: 2E9315D6-A79C-4400-BF86-03DC93A0E55A | B11: MDE | C11: CLO | D11: =TipoAeropuerto_Muestreo!C$4 -> Nacional | E11: 0.043055556 | F11: =_xlfn.CONCAT(B11,"-",C11) -> MDE-CLO
A12: CCE52E09-6CE5-4965-BCE0-05242627135E | B12: CLO | C12: MDE | D12: =TipoAeropuerto_Muestreo!C$4 -> Nacional | E12: 0.047916667 | F12: =_xlfn.CONCAT(B12,"-",C12) -> CLO-MDE
A13: F456494A-8F64-4024-A6C6-077156850674 | B13: BOG | C13: CTG | D13: =TipoAeropuerto_Muestreo!C$4 -> Nacional | E13: 0.063888889 | F13: =_xlfn.CONCAT(B13,"-",C13) -> BOG-CTG

Sheet RutaAerolinea_Muestreo
A1: << Modelo de dominio | C1: << Objetos de dominio | E1: Caracterización objeto >>
A2: Corresponde a un identificador único de la ruta de la aerolínea por el tipo de aeropuerto para el capturador dentro del objeto de dominio RutaAerolinea. | B2: Corresponde a la ruta que hace un avión desde un aeropuerto de origen hasta llegar a uno de destino. | C2: Corresponde a la ruta de la aerolínea que tiene asociada el vuelo. | D2: Corresponde al estado de disponibilidad de la ruta de la aerolínea que tiene asociada el vuelo. | E2: Una ruta de aerolínea no puede tener más de una ruta repetida
A3: Id | B3: Ruta | C3: Aerolínea | D3: Estado | E3: Combinación única 1
A4: 6633A10F-08FA-4F2C-A70A-19B160E486FA | B4: ='Ruta_Muestreo '!F4 -> BOG-CLO | C4: =Aerolinea_Muestreo!E5 -> AV | D4: Activa | E4: =_xlfn.CONCAT(B4,"-",C4) -> BOG-CLO-AV
A5: 0A657015-11A8-48CC-BB2B-2EB0E8CBA9F2 | B5: ='Ruta_Muestreo '!F4 -> BOG-CLO | C5: =Aerolinea_Muestreo!E4 -> LA | D5: Inactiva | E5: =_xlfn.CONCAT(B5,"-",C5) -> BOG-CLO-LA
A6: 1E828658-E0B7-4AD1-A33B-DEF92F245471 | B6: ='Ruta_Muestreo '!F5 -> CLO-BOG | C6: =Aerolinea_Muestreo!E4 -> LA | D6: Activa | E6: =_xlfn.CONCAT(B6,"-",C6) -> CLO-BOG-LA
A7: A9AE7D8D-40B1-4A54-B873-268744DC9118 | B7: ='Ruta_Muestreo '!F5 -> CLO-BOG | C7: =Aerolinea_Muestreo!E5 -> AV | D7: Inactiva | E7: =_xlfn.CONCAT(B7,"-",C7) -> CLO-BOG-AV
A8: FCDE13AF-66B1-431E-AF58-013DBB61E7F2 | B8: ='Ruta_Muestreo '!F6 -> MDE-BOG | C8: =Aerolinea_Muestreo!E4 -> LA | D8: Activa | E8: =_xlfn.CONCAT(B8,"-",C8) -> MDE-BOG-LA
A9: 900F4003-09DD-4D68-ABA1-027FAE2FC167 | B9: ='Ruta_Muestreo '!F6 -> MDE-BOG | C9: =Aerolinea_Muestreo!E5 -> AV | D9: Inactiva | E9: =_xlfn.CONCAT(B9,"-",C9) -> MDE-BOG-AV
A10: 6DE42A01-070F-4256-99E4-0317F8D13ED9 | B10: ='Ruta_Muestreo '!F7 -> BOG-MTR | C10: =Aerolinea_Muestreo!E4 -> LA | D10: Activa | E10: =_xlfn.CONCAT(B10,"-",C10) -> BOG-MTR-LA
A11: 2E9315D6-A79C-4400-BF86-03DC93A0E55A | B11: ='Ruta_Muestreo '!F7 -> BOG-MTR | C11: =Aerolinea_Muestreo!E5 -> AV | D11: Inactiva | E11: =_xlfn.CONCAT(B11,"-",C11) -> BOG-MTR-AV
A12: CCE52E09-6CE5-4965-BCE0-05242627135E | B12: ='Ruta_Muestreo '!F8 -> MTR-BOG | C12: =Aerolinea_Muestreo!E4 -> LA | D12: Activa | E12: =_xlfn.CONCAT(B12,"-",C12) -> MTR-BOG-LA
A13: F456494A-8F64-4024-A6C6-077156850674 | B13: ='Ruta_Muestreo '!F8 -> MTR-BOG | C13: =Aerolinea_Muestreo!E5 -> AV | D13: Inactiva | E13: =_xlfn.CONCAT(B13,"-",C13) -> MTR-BOG-AV
A14: 1555C044-E835-403D-914A-07A722CF3E8F | B14: ='Ruta_Muestreo '!F9 -> MDE-SMR | C14: =Aerolinea_Muestreo!E4 -> LA | D14: Activa | E14: =_xlfn.CONCAT(B14,"-",C14) -> MDE-SMR-LA
A15: EA847C99-B894-4FAF-A24D-0890A5599D45 | B15: ='Ruta_Muestreo '!F9 -> MDE-SMR | C15: =Aerolinea_Muestreo!E5 -> AV | D15: Inactiva | E15: =_xlfn.CONCAT(B15,"-",C15) -> MDE-SMR-AV
A16: 29093B9A-C743-45D6-B713-091CECDCFBF6 | B16: ='Ruta_Muestreo '!F10 -> SMR-MDE | C16: =Aerolinea_Muestreo!E4 -> LA | D16: Activa | E16: =_xlfn.CONCAT(B16,"-",C16) -> SMR-MDE-LA
A17: 879201D1-2CD0-42B3-8D62-0BF215660C80 | B17: ='Ruta_Muestreo '!F10 -> SMR-MDE | C17: =Aerolinea_Muestreo!E5 -> AV | D17: Inactiva | E17: =_xlfn.CONCAT(B17,"-",C17) -> SMR-MDE-AV
A18: D3937317-25B6-4660-83D8-0D13E215F5AF | B18: ='Ruta_Muestreo '!F11 -> MDE-CLO | C18: =Aerolinea_Muestreo!E4 -> LA | D18: Activa | E18: =_xlfn.CONCAT(B18,"-",C18) -> MDE-CLO-LA
A19: DC724C44-0545-4363-8665-0DDDBE157FF6 | B19: ='Ruta_Muestreo '!F11 -> MDE-CLO | C19: =Aerolinea_Muestreo!E5 -> AV | D19: Inactiva | E19: =_xlfn.CONCAT(B19,"-",C19) -> MDE-CLO-AV
A20: 16FBF74C-A15F-484A-A0D7-0DE7715C0D1F | B20: ='Ruta_Muestreo '!F12 -> CLO-MDE | C20: =Aerolinea_Muestreo!E4 -> LA | D20: Activa | E20: =_xlfn.CONCAT(B20,"-",C20) -> CLO-MDE-LA
A21: B248C825-D52B-4789-B190-11A27A0B9515 | B21: ='Ruta_Muestreo '!F12 -> CLO-MDE | C21: =Aerolinea_Muestreo!E5 -> AV | D21: Inactiva | E21: =_xlfn.CONCAT(B21,"-",C21) -> CLO-MDE-AV
A22: 676B660B-1732-4419-8E29-11FDD74289DD | B22: ='Ruta_Muestreo '!F13 -> BOG-CTG | C22: =Aerolinea_Muestreo!E4 -> LA | D22: Activa | E22: =_xlfn.CONCAT(B22,"-",C22) -> BOG-CTG-LA
A23: 841315D4-C5C5-4458-86AC-123AE2BAE984 | B23: ='Ruta_Muestreo '!F13 -> BOG-CTG | C23: =Aerolinea_Muestreo!E5 -> AV | D23: Inactiva | E23: =_xlfn.CONCAT(B23,"-",C23) -> BOG-CTG-AV

Sheet RutaAerolinea_Caracterización
A1: << Modelo de dominio | B1: << Objetos de dominio | C1: << Muestreo Datos
A2: ='Objetos Dominio'!$A$2 -> Nombre | B2: ='Objetos Dominio'!$A$18 -> Ruta Aerolínea
A3: ='Objetos Dominio'!$B$2 -> Tipo | B3: ='Objetos Dominio'!$B$18 -> Referenciado
A4: ='Objetos Dominio'!$C$2 -> Contexto Origen | B4: ='Objetos Dominio'!$C$18 -> 0
A5: ='Objetos Dominio'!$D$2 -> Descripción | B5: ='Objetos Dominio'!$D$18 -> Objeto de dominio que representa el trayecto que realiza un avión de una aerolínea en una cantidad determinada de vuelos
A6: Atributo | B6: Tipo de Dato | C6: Longitud mínima | D6: Longitud máxima | E6: Precisión | F6: Cantidad cifras redondeo | G6: Tipo redondeo | H6: Rango Inicial | I6: Rango Final | J6: Formato | K6: Valor por defecto | L6: Regla especial | M6: ¿Quitar espacios en blanco al inicio? | N6: ¿Quitar espacios en blanco al final? | O6: ¿Auto generado? | P6: ¿Calculado? | Q6: ¿Obligatorio? | R6: ¿Modificable? | S6: ¿Sensible? | T6: ¿Identifica al registro? | U6: Descripción | V6: =A22 -> Consultar la Información de la Ruta Aerolinea | W6: =A23 -> Activar la información de la Ruta Aerolinea | X6: =A25 -> Desactivar la información de la Ruta Aerolnea
A7: =RutaAerolinea_Muestreo!$A$3 -> Id | B7: Alfanumérico | C7: 36 | D7: 36 | J7: XXXXXXXX-XXXX-XXXX-XXXX-XXXXXXXXXXXX donde X es cualquier digito o una letra de la "A" a la "F" | M7: SI | N7: SI | O7: SI | P7: NO | Q7: SI | R7: NO | S7: NO | T7: SI | U7: =RutaAerolinea_Muestreo!$A$2 -> Corresponde a un identificador único de la ruta de la aerolínea por el tipo de aeropuerto para el capturador dentro del objeto de dominio RutaAerolinea. | V7: Filtro/Listar/ No Mostrar | W7: Requerido | X7: Requerido
A8: =RutaAerolinea_Muestreo!B3 -> Ruta | B8: Ruta | M8: NO | N8: NO | O8: NO | P8: NO | Q8: SI | R8: SI | S8: NO | T8: NO | U8: =RutaAerolinea_Muestreo!B2 -> Corresponde a la ruta que hace un avión desde un aeropuerto de origen hasta llegar a uno de destino. | V8: Filtro/Listar/Mostrar[Orden{1}/CriterioOrdenamiento{1, ASC}/BusquedaGeneral{SI}/Ordenador{NO}/Reordenamiento{NO}/PropiedadesMostrar{ Ruta.AreopuertoOrigen,Ruta.AreopuertoDestino}] | W8: No Requerido | X8: No Requerido
A9: =RutaAerolinea_Muestreo!$C$3 -> Aerolínea | B9: Aerolínea | M9: NO | N9: NO | O9: NO | P9: NO | Q9: SI | R9: SI | S9: NO | T9: NO | U9: =RutaAerolinea_Muestreo!$C$2 -> Corresponde a la ruta de la aerolínea que tiene asociada el vuelo. | V9: Filtro/Listar/Mostrar[Orden{2}/CriterioOrdenamiento{1, ASC}/BusquedaGeneral{SI}/Ordenador{NO}/Reordenamiento{NO} /PropiedadesMostrar{ Aerolinea.Código}] | W9: No Requerido | X9: No Requerido
A10: Estado | B10: Lógico | C10: 1 | D10: 10 | M10: SI | N10: SI | O10: NO | P10: NO | Q10: SI | R10: SI | S10: NO | T10: NO | U10: =RutaAerolinea_Muestreo!$D$2 -> Corresponde al estado de disponibilidad de la ruta de la aerolínea que tiene asociada el vuelo. | V10: Filtro/Listar/Mostrar[Orden{3}/CriterioOrdenamiento{3, ASC}/BusquedaGeneral{SI}/Ordenador{NO}/Reordenamiento{NO} ] | W10: No Requerido | X10: No Requerido
A12: Combinaciones únicas
A13: Nombre combinación | B13: Descripción | C13: Atributos
A14: Ruta aerolínea única | B14: =RutaAerolinea_Muestreo!E2 -> Una ruta de aerolínea no puede tener más de una ruta repetida | C14: =A8 -> Ruta
A20: Responsabilidad | B20: Descripción | D20: Entradas | G20: Salida | H20: Políticas (Reglas de Negocio) | J20: Excepción
C21: Parámetro | D21: Tipo de dato | E21: Descripción | F21: Tipo de Dato | G21: Descripción | H21: Política | I21: Descripción | J21: Detalle | K21: ¿Qué hago?
A22: Consultar la Información de la Ruta Aerolinea | B22: Acción que sirve para obtener toda la información de la ruta de una RutaAerolínea. | C22: Filtro | D22: RutaAerolínea | E22: Contiene la información de los filtros que servirán como base para llevar a cabo la consulta de la información | F22: Lista<RutaAerolínea> | G22: Contiene la información de todas las RutaAerolíneas que cumplen con el filtro de consulta | H22: Ruta-Aerolinea-POL-008 | I22: Asegurar que los datos que fueron enviados como filtro para llevar a cabo la acción sean válidos a nivel de tipo de dato, longitud, obligatoriedad, formato y rango. | J22: Generar una excepción indicándole al usuario que existen problemas con los datos y de ser posible indicarle cómo solucionarlos. | K22: Detener operación
A23: Activar la información de la Ruta Aerolinea | B23: Permite activar una rutaAreolinea | C23: Id | D23: Alfanumérico | E23: Contiene la información del identificador de la ruta aerolínea para la cual se va a modificar la información | H23: Ruta-Aerolínea -POL-0006 | I23: Para activar un rutaAereolínea primero debe estar inactivo | J23: Generar una excepción indicándole al usuario que existen problemas con los datos y de ser posible indicarle cómo solucionarlos. | K23: Detener operación
C24: Estado | D24: Lógico | E24: Contiene el estado lógico que se le puede modificar una ruta aerolínea | H24: Ruta-Aerolínea -POL-0007 | I24: Asegurar que los datos requeridos para llevar a cabo la acción sean válidos a nivel de tipo de dato, longitud, obligatoriedad, formato y rango. | J24: Generar una excepción indicándole al usuario que existen problemas con los datos y de ser posible indicarle cómo solucionarlos. | K24: Detener operación
A25: Desactivar la información de la Ruta Aerolnea | B25: Permite inactivar una rutaAreolinea | C25: id | D25: Alfanumérico | E25: Contiene la información del identificador de la ruta aerolínea para la cual se va a modificar la información | H25: Ruta-Aerolínea -POL-0006 | I25: Para inactivar un rutaAereolínea primero debe estar activo | J25: Generar una excepción indicándole al usuario que existen problemas con los datos y de ser posible indicarle cómo solucionarlos. | K25: Detener operación
C26: Estado | D26: Lógico | E26: Contiene el estado lógico que se le puede modificar a un rutaAereolínea | H26: Ruta-Aerolínea -POL-0007 | I26: Asegurar que los datos requeridos para llevar a cabo la acción sean válidos a nivel de tipo de dato, longitud, obligatoriedad, formato y rango. | J26: Generar una excepción indicándole al usuario que existen problemas con los datos y de ser posible indicarle cómo solucionarlos. | K26: Detener operación

Sheet Tipo_Caracterización
A1: << Modelo de dominio | B1: << Objetos de dominio | C1: << Muestreo Datos
A2: ='Objetos Dominio'!$A$2 -> Nombre | B2: ='Objetos Dominio'!$A$19 -> Tipo
A3: ='Objetos Dominio'!$B$2 -> Tipo | B3: ='Objetos Dominio'!$B$19 -> Referenciado
A4: ='Objetos Dominio'!$C$2 -> Contexto Origen | B4: ='Objetos Dominio'!$C$19 -> 0
A5: ='Objetos Dominio'!$D$2 -> Descripción | B5: ='Objetos Dominio'!$D$19 -> Objeto de dominio que representa el tipo de aeronaves
A6: Atributo | B6: Tipo de Dato | C6: Longitud mínima | D6: Longitud máxima | E6: Precisión | F6: Cantidad cifras redondeo | G6: Tipo redondeo | H6: Rango Inicial | I6: Rango Final | J6: Formato | K6: Valor por defecto | L6: Regla especial | M6: ¿Quitar espacios en blanco al inicio? | N6: ¿Quitar espacios en blanco al final? | O6: ¿Auto generado? | P6: ¿Calculado? | Q6: ¿Obligatorio? | R6: ¿Modificable? | S6: ¿Sensible? | T6: ¿Identifica al registro? | U6: Descripción | V6: =A24 -> Consultar la Información del tipo Aeronave | W6: =A25 -> Inactivar la información del Tipo Aeronave | X6: =A27 -> Activar la información del Tipo Aeronave
A7: =Tipo_Muestreo!$A$3 -> Id | B7: Alfanumérico | C7: 36 | D7: 36 | J7: XXXXXXXX-XXXX-XXXX-XXXX-XXXXXXXXXXXX donde X es cualquier digito o una letra de la "A" a la "F" | M7: SI | N7: SI | O7: SI | P7: NO | Q7: SI | R7: NO | S7: NO | T7: SI | U7: =Familia_Muestreo!$A$2 -> Corresponde a un identificador único de la familia a la que el avión pertenece dentro del objeto de dominio familia. | V7: Filtro/Listar/ No Mostrar | W7: Requerido | X7: Requerido
A8: =Tipo_Muestreo!$B$3 -> Nombre | B8: Alfanumérico | C8: 1 | D8: 50 | J8: Cualquier cadena que incluye caracteres alfanuméricos, espacios, tildes(A-Z / a-z) | M8: SI | N8: SI | O8: NO | P8: NO | Q8: SI | R8: SI | S8: NO | T8: NO | U8: =Familia_Muestreo!$B$2 -> Corresponde al nombre de familia del avión, el cual puede ser gestionado en cualquier momento. | V8: Filtro/Listar/Mostrar[Orden{1}/CriterioOrdenamiento{1, ASC}/BusquedaGeneral{SI}/Ordenador{NO}/Reordenamiento{NO} ] | W8: No Requerido | X8: No Requerido
A9: =Tipo_Muestreo!$C$3 -> Familia | B9: Familia | M9: NO | N9: NO | O9: NO | P9: NO | Q9: SI | R9: SI | S9: NO | T9: NO | U9: =Familia_Muestreo!$C$2 -> Corresponde al fabricante del avión. | V9: Filtro/Listar/Mostrar[Orden{2}/CriterioOrdenamiento{1, ASC}/BusquedaGeneral{SI}/Ordenador{NO}/Reordenamiento{NO} /PropiedadesMostrar{ Familia.Familia}] | W9: No Requerido | X9: No Requerido
A11: Combinaciones únicas
A12: Nombre combinación | B12: Descripción | C12: Atributos
A13: Nombre tipo único | B13: =Familia_Muestreo!$D$2 -> El nombre de la familia no se puede repetir. | C13: =A8 -> Nombre
A22: Responsabilidad | B22: Descripción | D22: Entradas | G22: Salida | H22: Políticas (Reglas de Negocio) | J22: Excepción
C23: Parámetro | D23: Tipo de dato | E23: Descripción | F23: Tipo de Dato | G23: Descripción | H23: Política | I23: Descripción | J23: Detalle | K23: ¿Qué hago?
A24: Consultar la Información del tipo Aeronave | B24: Gestionar toda la información de un tipo de aeronave | C24: Filtro | D24: Tipo | E24: Contiene la información de los filtros que servirán como base para llevar a cabo la consulta de la información | F24: Lista<Tipo Aeronave> | G24: Contiene la información de todo los tipos de aeronave que cumplen con el filtro de consulta | H24: Tipo-POL-0001 | I24: Asegurar que los datos que fueron enviados como filtro para llevar a cabo la acción sean válidos a nivel de tipo de dato, longitud, obligatoriedad, formato y rango. | J24: Generar una excepción indicándole al usuario que existen problemas con los datos y de ser posible indicarle cómo solucionarlos. | K24: Detener operación
A25: Inactivar la información del Tipo Aeronave | B25: Permite desactivar un tipo de aeronave | C25: Id | D25: Alfanumérico | E25: Contiene la información del identificador del tipo de aeronave para el cual se va a modificar la información | H25: Tipo-POL-0002 | I25: La Aerolínea debe estar previamente activada | J25: Generar una excepción indicándole al usuario que existen problemas con los datos y de ser posible indicarle cómo solucionarlos. | K25: Detener operación
C26: datos | D26: Familia | E26: Contiene los datos que se van a modificar dentro de la Familia | H26: Tipo-POL-0004 | I26: Asegurar que los datos requeridos para llevar a cabo la acción sean válidos a nivel de tipo de dato, longitud, obligatoriedad, formato y rango. | J26: Generar una excepción indicándole al usuario que existen problemas con los datos y de ser posible indicarle cómo solucionarlos. | K26: Detener operación
A27: Activar la información del Tipo Aeronave | B27: Permite activar un tipo de aeronave | C27: id | D27: Alfanumérico | E27: Contiene la información del identificador del tipo de aeronave para el cual se va a modificar la información | H27: Tipo-POL-0003 | I27: La Aerolínea debe estar previamente inactivada | J27: Generar una excepción indicándole al usuario que existen problemas con los datos y de ser posible indicarle cómo solucionarlos. | K27: Detener operación
C28: datos | D28: Familia | E28: Contiene los datos que se van a modificar dentro de la Familia | H28: Tipo-POL-0004 | I28: Asegurar que los datos requeridos para llevar a cabo la acción sean válidos a nivel de tipo de dato, longitud, obligatoriedad, formato y rango. | J28: Generar una excepción indicándole al usuario que existen problemas con los datos y de ser posible indicarle cómo solucionarlos. | K28: Detener operación

Sheet Tipo_Muestreo
A1: << Modelo de dominio | B1: << Objetos de dominio | C1: Caracterización objeto >>
A2: Corresponde a un identificador único de la familia a la que el avión pertenece dentro del objeto de dominio Familia. | B2: Corresponde al tipo de avión, el cual puede ser gestionado en cualquier momento. | C2: Corresponde al fabricante del avión. | D2: El nombre de la familia no se puede repetir. | E2: El nombre de un avión que pertenece a una familia no se puede repetir.
A3: Id | B3: Nombre | C3: Familia | D3: Combinación única 1 | E3: Combinación única 2
A4: F1F81D1E-0F45-4E7F-A1AE-1F347FC5DE7A | B4: A318 | C4: =Familia_Muestreo!D4 -> A318-Airbus | D4: =C4 -> A318-Airbus | E4: =_xlfn.CONCAT(B4) -> A318
A5: 0E60C646-884D-44F5-8100-276CC518FB4F | B5: A319 | C5: =Familia_Muestreo!D5 -> A319-Airbus | D5: =C5 -> A319-Airbus | E5: =_xlfn.CONCAT(B5) -> A319
A6: E6D0A983-8B10-4074-9016-4639C1FAB6A4 | B6: A320 | C6: =Familia_Muestreo!D6 -> A320-Airbus | D6: =C6 -> A320-Airbus | E6: =_xlfn.CONCAT(B6) -> A320
A7: 044C4B1F-7BF9-4C34-8748-592D0198B3B3 | B7: A321 | C7: =Familia_Muestreo!D7 -> A321-Airbus | D7: =C7 -> A321-Airbus | E7: =_xlfn.CONCAT(B7) -> A321

Sheet TipoAeropuerto_Caracterización
A1: << Modelo de dominio | B1: Objetos de dominio | C1: << Muestreo Datos
A2: ='Objetos Dominio'!$A$2 -> Nombre | B2: ='Objetos Dominio'!$A$20 -> Tipo Aeropuerto
A3: ='Objetos Dominio'!$B$2 -> Tipo | B3: ='Objetos Dominio'!$B$20 -> Propio
A4: ='Objetos Dominio'!$C$2 -> Contexto Origen | B4: ='Objetos Dominio'!$C$20 -> Flight Hours
A5: ='Objetos Dominio'!$D$2 -> Descripción | B5: ='Objetos Dominio'!$D$20 -> Objeto de dominio que representa el tipo de aeropuerto
A6: Atributo | B6: Tipo de Dato | C6: Longitud mínima | D6: Longitud máxima | E6: Precisión | F6: Cantidad cifras redondeo | G6: Tipo redondeo | H6: Rango Inicial | I6: Rango Final | J6: Formato | K6: Valor por defecto | L6: Regla especial | M6: ¿Quitar espacios en blanco al inicio? | N6: ¿Quitar espacios en blanco al final? | O6: ¿Auto generado? | P6: ¿Calculado? | Q6: ¿Obligatorio? | R6: ¿Modificable? | S6: ¿Sensible? | T6: ¿Identifica al registro? | U6: Descripción | V6: =A21 -> Consultar la Información del Tipo Aeropuerto
A7: =TipoAeropuerto_Muestreo!$A$3 -> id | B7: Alfanumérico | C7: 36 | D7: 36 | J7: XXXXXXXX-XXXX-XXXX-XXXX-XXXXXXXXXXXX donde X es cualquier digito o una letra de la "A" a la "Z" | M7: SI | N7: SI | O7: SI | P7: NO | Q7: SI | R7: NO | S7: NO | T7: SI | U7: =TipoAeropuerto_Muestreo!$A$2 -> Corresponde a un identificador único del tipo aeropuerto dentro del objeto de dominio Tipo aeropuerto. | V7: Filtro/Listar/ No Mostrar
A8: Nombre | B8: Alfanumérico | C8: 8 | D8: 13 | J8: Cualquier cadena que incluye caracteres alfanuméricos, espacios, tildes(A-Z / a-z) | M8: SI | N8: SI | O8: NO | P8: NO | Q8: SI | R8: SI | S8: NO | T8: NO | U8: =TipoAeropuerto_Muestreo!$B$2 -> Corresponde al nombre que tiene un tipo de aeropuerto determinado | V8: Filtro/Listar/Mostrar[Orden{1}/CriterioOrdenamiento{1, ASC}/BusquedaGeneral{SI}/Ordenador{NO}/Reordenamiento{NO} ]
A10: Combinaciones únicas
A11: Nombre combinación | B11: Descripción | C11: Atributos
A12: Nombre único | B12: =TipoAeropuerto_Muestreo!C2 -> El nombre del tipo de aeropuerto no se puede repetir | C12: =A8 -> Nombre
A16: Acción | B16: Descripción
A19: Responsabilidad | B19: Descripción | D19: Entradas | G19: Salida | H19: Políticas (Reglas de Negocio) | J19: Excepción
C20: Parámetro | D20: Tipo de dato | E20: Descripción | F20: Tipo de Dato | G20: Descripción | H20: Política | I20: Descripción | J20: Detalle | K20: ¿Qué hago?
A21: Consultar la Información del Tipo Aeropuerto | B21: Permite consultar los detalles de un tipo aeropuerto | C21: Filtro | D21: TipoAeropuerto | E21: Contiene la información de los filtros que servirán como base para llevar a cabo la consulta de la información | F21: Lista<TipoAeropuerto> | G21: Contiene la información de todos los tipos de aeropuerto que cumplen con el filtro de consulta | H21: Tipo Aeropuerto-POL-0001 | I21: Asegurar que los datos que fueron enviados como filtro para llevar a cabo la acción sean válidos a nivel de tipo de dato, longitud, obligatoriedad, formato y rango. | J21: Generar una excepción indicándole al usuario que existen problemas con los datos y de ser posible indicarle cómo solucionarlos. | K21: Detener operación

Sheet TipoAeropuerto_Muestreo
A1: << Modelo de dominio | B1: << Objetos de dominio | C1: Caracterización objeto >>
A2: Corresponde a un identificador único del tipo aeropuerto dentro del objeto de dominio Tipo aeropuerto. | B2: Corresponde al nombre que tiene un tipo de aeropuerto determinado | C2: El nombre del tipo de aeropuerto no se puede repetir
A3: id | B3: Nombre | C3: Combinación única
A4: 19C95F1C-6950-4C81-8400-568A8458EEC1 | B4: Nacional | C4: =B4 -> Nacional
A5: F6C9E24C-990F-4990-8174-0300B333241F | B5: Internacional | C5: =B5 -> Internacional

Sheet TipoIntegrante_Caracterización
A1: << Modelo de dominio | B1: << Objetos de dominio | C1: << Muestreo Datos
A2: ='Objetos Dominio'!$A$2 -> Nombre | B2: ='Objetos Dominio'!$A$21 -> Tipo Integrante
A3: ='Objetos Dominio'!$B$2 -> Tipo | B3: ='Objetos Dominio'!$B$21 -> Propio
A4: ='Objetos Dominio'!$C$2 -> Contexto Origen | B4: ='Objetos Dominio'!$C$21 -> Flight Hours
A5: ='Objetos Dominio'!$D$2 -> Descripción | B5: ='Objetos Dominio'!$D$21 -> Objeto de dominio que clasifica que característica principal debe llevar un integrante que pertenece a una tripulación.
A6: Atributo | B6: Tipo de Dato | C6: Longitud mínima | D6: Longitud máxima | E6: Precisión | F6: Cantidad cifras redondeo | G6: Tipo redondeo | H6: Rango Inicial | I6: Rango Final | J6: Formato | K6: Valor por defecto | L6: Regla especial | M6: ¿Quitar espacios en blanco al inicio? | N6: ¿Quitar espacios en blanco al final? | O6: ¿Auto generado? | P6: ¿Calculado? | Q6: ¿Obligatorio? | R6: ¿Modificable? | S6: ¿Sensible? | T6: ¿Identifica al registro? | U6: Descripción | V6: =A23 -> Consultar Tipo Integrante
A7: =TipoIntegrante_Muestreo!$A$3 -> Id | B7: Alfanumérico | C7: 36 | D7: 36 | J7: XXXXXXXX-XXXX-XXXX-XXXX-XXXXXXXXXXXX donde X es cualquier digito o una letra de la "A" a la "F" | M7: SI | N7: SI | O7: SI | P7: NO | Q7: SI | R7: NO | S7: NO | T7: SI | U7: =TipoIntegrante_Muestreo!$A$2 -> Corresponde a un identificador único del usuario dentro del objeto de dominio Tipo Integrante. | V7: Filtro/Listar/ No Mostrar
A8: =TipoIntegrante_Muestreo!$B$3 -> Cargos | B8: Texto | C8: 8 | D8: 13 | J8: cualquier cadena que incluye caracteres alfanuméricos, espacios, tildes(A-Z / a-z) | M8: SI | N8: SI | O8: NO | P8: NO | Q8: SI | R8: SI | S8: NO | T8: NO | U8: =TipoIntegrante_Muestreo!$B$2 -> Corresponde al rol del usuario. | V8: Filtro/Listar/Mostrar[Orden{1}/CriterioOrdenamiento{1, ASC}/BusquedaGeneral{SI}/Ordenador{NO}/Reordenamiento{NO} ]
A12: Combinaciones únicas
A13: Nombre combinación | B13: Descripción | C13: Atributos
A14: Cargo único | B14: =TipoIntegrante_Muestreo!$C$2 -> El cargo de un usuario no puede repetirse. | C14: =A8 -> Cargos
A21: Responsabilidad | B21: Descripción | D21: Entradas | G21: Salida | H21: Políticas (Reglas de Negocio) | J21: Excepción
C22: Parámetro | D22: Tipo de dato | E22: Descripción | F22: Tipo de Dato | G22: Descripción | H22: Política | I22: Descripción | J22: Detalle | K22: ¿Qué hago?
A23: Consultar Tipo Integrante | B23: Permite consultar toda la información de un tipo de integrante | C23: Filtro | D23: tipo Integrante | E23: Contiene la información de los filtros que servirán como base para llevar a cabo la consulta de la información | F23: Lista<tipoIntegrante> | G23: Contiene la información de todos los tipos de integrante que cumplen con el filtro de consulta | H23: Tipo integrante-POL-002 | I23: Asegurar que los datos que fueron enviados como filtro para llevar a cabo la acción sean válidos a nivel de tipo de dato, longitud, obligatoriedad, formato y rango. | J23: Generar una excepción indicándole al usuario que existen problemas con los datos y de ser posible indicarle cómo solucionarlos. | K23: Detener operación
H24: Tipo integrante-POL-0001 | I24: solo personas autorizadas pueden consultar esta información | J24: Generar una excepción indicándole al usuario que no tiene permisos para consultar la información | K24: Detener operación

Sheet TipoIntegrante_Muestreo
A1: << Modelo de dominio | B1: << Objetos de dominio | C1: Caracterización objeto >>
A2: Corresponde a un identificador único del usuario dentro del objeto de dominio Tipo Integrante. | B2: Corresponde al rol del usuario. | C2: El cargo de un usuario no puede repetirse.
A3: Id | B3: Cargos | C3: Combinación única 1
A4: 17633023-2F0C-4883-B2A6-94EC46D49588 | B4: Capitán | C4: =B4 -> Capitán
A5: 49455CA1-D960-4FFF-8799-6BA3996AE49B | B5: Copiloto | C5: =B5 -> Copiloto

Sheet Vuelo_Caracterizacion
A1: << Modelo de dominio | B1: << Objetos de dominio | C1: << Muestreo Datos
A2: ='Objetos Dominio'!$A$2 -> Nombre | B2: ='Objetos Dominio'!$A$22 -> Vuelo
A3: ='Objetos Dominio'!$B$2 -> Tipo | B3: ='Objetos Dominio'!$B$22 -> Referenciado
A4: ='Objetos Dominio'!$C$2 -> Contexto Origen | B4: ='Objetos Dominio'!$C$22 -> 0
A5: ='Objetos Dominio'!$D$2 -> Descripción | B5: ='Objetos Dominio'!$D$22 -> Objeto de dominio que representa el viaje realizado en un avión por una aerolínea
A6: Atributo | B6: Tipo de Dato | C6: Longitud mínima | D6: Longitud máxima | E6: Precisión | F6: Cantidad cifras redondeo | G6: Tipo redondeo | H6: Rango Inicial | I6: Rango Final | J6: Formato | K6: Valor por defecto | L6: Regla especial | M6: ¿Quitar espacios en blanco al inicio? | N6: ¿Quitar espacios en blanco al final? | O6: ¿Auto generado? | P6: ¿Calculado? | Q6: ¿Obligatorio? | R6: ¿Modificable? | S6: ¿Sensible? | T6: ¿Identifica al registro? | U6: Descripción | V6: =A24 -> Consultar la Informacion del Vuelo | W6: =A25 -> Editar la Informacion del Vuelo | X6: =A28 -> Registrar la Información del Vuelo
A7: ='Vuelo_Muestreo '!A3 -> Id | B7: Alfanumérico | C7: 36 | D7: 36 | J7: XXXXXXXX-XXXX-XXXX-XXXX-XXXXXXXXXXXX donde X es cualquier digito o una letra de la "A" a la "F" | M7: SI | N7: SI | O7: SI | P7: NO | Q7: SI | R7: NO | S7: NO | T7: SI | U7: ='Vuelo_Muestreo '!A2 -> Corresponde a un identificador único del vuelo que hará la ruta de la aerolínea con el avión asignado dentro del objeto de dominio Vuelo. | V7: Filtro/Listar/ No Mostrar | W7: Requerido / No modificable | X7: Requerido
A8: ='Vuelo_Muestreo '!B3 -> Fecha | B8: Fecha/Hora | M8: SI | N8: SI | O8: NO | P8: NO | Q8: SI | R8: SI | S8: NO | T8: NO | U8: ='Vuelo_Muestreo '!B2 -> Corresponde a la fecha de Vuelo. | V8: Filtro/Listar/Mostrar[Orden{1}/CriterioOrdenamiento{1, ASC}/BusquedaGeneral{SI}/Ordenador{NO}/Reordenamiento{NO} ] | W8: Requerido / modificable | X8: Requerido
A9: ='Vuelo_Muestreo '!C3 -> Numero | B9: Numérico Entero | M9: NO | N9: NO | O9: NO | P9: NO | Q9: SI | R9: SI | S9: NO | T9: NO | U9: ='Vuelo_Muestreo '!C2 -> Corresponde al Numero de Vuelo. | V9: Filtro/Listar/Mostrar[Orden{2}/CriterioOrdenamiento{1, ASC}/BusquedaGeneral{SI}/Ordenador{NO}/Reordenamiento{NO} ] | W9: Requerido / modificable | X9: Requerido
A10: ='Vuelo_Muestreo '!D3 -> Ruta Aerolínea | B10: Ruta Aerolínea | M10: SI | N10: SI | O10: NO | P10: NO | Q10: SI | R10: SI | S10: NO | T10: NO | U10: ='Vuelo_Muestreo '!D2 -> Corresponde a la ruta que hace la aerolínea | V10: Filtro/Listar/Mostrar[Orden{3}/CriterioOrdenamiento{1, ASC}/BusquedaGeneral{SI}/Ordenador{NO}/Reordenamiento{NO} /PropiedadesMostrar{ RutaAreolinea.Ruta,RutaAreolinea.Aerolínea}] | W10: Requerido / modificable | X10: Requerido
A16: Combinaciones únicas
A17: Nombre combinación | B17: Descripción | C17: Atributos
A18: Número de vuelo único | B18: =RutaAerolinea_Muestreo!E2 -> Una ruta de aerolínea no puede tener más de una ruta repetida | C18: =A10 -> Ruta Aerolínea
C19: =A9 -> Numero
A22: Responsabilidad | B22: Descripción | D22: Entradas | G22: Salida | H22: Políticas (Reglas de Negocio) | J22: Excepción
C23: Parámetro | E23: Descripción | F23: Tipo de Dato | G23: Descripción | H23: Política | I23: Descripción | J23: Detalle | K23: ¿Qué hago?
A24: Consultar la Informacion del Vuelo | B24: Permite obtener toda la información de un Vuelo. | C24: Filtro | E24: Contiene la información de los filtros que servirán como base para llevar a cabo la consulta de la información | F24: Lista<Vuelo> | G24: Contiene la información de todo los tipos de aeronave que cumplen con el filtro de consulta | H24: Vuelo-POL-0001 | I24: Asegurar que los datos que fueron enviados como filtro para llevar a cabo la acción sean válidos a nivel de tipo de dato, longitud, obligatoriedad, formato y rango. | J24: Generar una excepción indicándole al usuario que no tiene permisos para consultar la información de una aerolínea | K24: Detener operación
A25: Editar la Informacion del Vuelo | B25: Permite actualizar la información de un vuelo que ya existe. | C25: Id | D25: Alfanumérico | E25: Contiene la información del identificador del tipo de aeronave para el cual se va a modificar la información | H25: Vuelo-POL-0002 | I25: No puede existir mas de un vuelo programado para el mismo piloto para el mismo dia y la misma hora | J25: Generar una excepción indicándole al usuario que existen problemas con los datos y de ser posible indicarle cómo solucionarlos. | K25: Detener operación
C26: datos | E26: Contiene los datos que se van a modificar dentro de la Familia | H26: Vuelo-POL-0003 | I26: No puede existir mas de un vuelo con el mismo numero de vuelo en la misma fecha y la misma aerolinea | J26: Generar una excepción indicándole al usuario que existen problemas con los datos y de ser posible indicarle cómo solucionarlos. | K26: Detener operación
H27: Vuelo-POL-0005 | I27: Asegurar que los datos requeridos para llevar a cabo la acción sean válidos a nivel de tipo de dato, longitud, obligatoriedad, formato y rango. | J27: Generar una excepción indicándole al usuario que existen problemas con los datos y de ser posible indicarle cómo solucionarlos. | K27: Detener operación
A28: Registrar la Información del Vuelo | B28: Permite registrar la información de un vuelo programado | C28: id | D28: Alfanumérico | E28: Contiene la información del identificador del tipo de aeronave para el cual se va a modificar la información | H28: Vuelo-POL-0004 | I28: No puede existir más de un vuelo con el mismo id | J28: Generar un nuevo identificador hasta garantizar que no exista | K28: Continuar operación
C29: datos | E29: Contiene los datos que se van a modificar dentro de la Familia | H29: Vuelo -POL-0003 | I29: No puede existir mas de un vuelo con el mismo numero de vuelo en la misma fecha y la misma aerolinea | J29: Generar una excepción indicándole al usuario que existen problemas con los datos y de ser posible indicarle cómo solucionarlos. | K29: Detener operación
H30: Vuelo -POL-0005 | I30: Asegurar que los datos requeridos para llevar a cabo la acción sean válidos a nivel de tipo de dato, longitud, obligatoriedad, formato y rango. | J30: Generar una excepción indicándole al usuario que existen problemas con los datos y de ser posible indicarle cómo solucionarlos. | K30: Detener operación

Sheet Vuelo_Muestreo 
A1: << Modelo de dominio | C1: << Objetos de dominio | E1: Caracterización objeto >>
A2: Corresponde a un identificador único del vuelo que hará la ruta de la aerolínea con el avión asignado dentro del objeto de dominio Vuelo. | B2: Corresponde a la fecha de Vuelo. | C2: Corresponde al Numero de Vuelo. | D2: Corresponde a la ruta que hace la aerolínea | E2: Un Vuelo no puede estar más de una vez configurado el número de vuelo junto con las horas de out,off,on,in y la fecha.
A3: Id | B3: Fecha | C3: Numero | D3: Ruta Aerolínea | E3: Combinación única 1
A4: 351C880B-0421-42E7-A595-5D36F51BFA65 | B4: 45292.497 | C4: 4061 | D4: =RutaAerolinea_Muestreo!E4 -> BOG-CLO-AV | E4: =_xlfn.CONCAT(C4,"-",D4,"-",TEXT(B4,"DD/MM/AA")) -> 4061-BOG-CLO-AV-01/01/AA
A5: 5B353C4B-3114-413D-B1BE-5DAC415DC471 | B5: 45293.997 | C5: 4054 | D5: =RutaAerolinea_Muestreo!E5 -> BOG-CLO-LA | E5: =_xlfn.CONCAT(C5,"-",D5,"-",TEXT(B5,"DD/MM/AA")) -> 4054-BOG-CLO-LA-02/01/AA
A6: F98A28B6-4229-4619-9075-5DE53E58D774 | B6: 45294.997 | C6: 4008 | D6: =RutaAerolinea_Muestreo!E6 -> CLO-BOG-LA | E6: =_xlfn.CONCAT(C6,"-",D6,"-",TEXT(B6,"DD/MM/AA")) -> 4008-CLO-BOG-LA-03/01/AA
A7: 1A4D8409-00CE-4AE1-A24B-5F04F45848AE | B7: 45295.997 | C7: 4017 | D7: =RutaAerolinea_Muestreo!E7 -> CLO-BOG-AV | E7: =_xlfn.CONCAT(C7,"-",D7,"-",TEXT(B7,"DD/MM/AA")) -> 4017-CLO-BOG-AV-04/01/AA
A8: 2A0D0912-CD4A-4798-A5FC-63045B56B434 | B8: 45296.997 | C8: 4202 | D8: =RutaAerolinea_Muestreo!E8 -> MDE-BOG-LA | E8: =_xlfn.CONCAT(C8,"-",D8,"-",TEXT(B8,"DD/MM/AA")) -> 4202-MDE-BOG-LA-05/01/AA
A9: 0DC2E2E1-96E2-4DED-A331-634A01B185CB | B9: 45297.997 | C9: 4203 | D9: =RutaAerolinea_Muestreo!E9 -> MDE-BOG-AV | E9: =_xlfn.CONCAT(C9,"-",D9,"-",TEXT(B9,"DD/MM/AA")) -> 4203-MDE-BOG-AV-06/01/AA
A10: C17553F4-0F89-4B11-A719-63B99A3AB5C5 | B10: 45298.997 | C10: 4032 | D10: =RutaAerolinea_Muestreo!E10 -> BOG-MTR-LA | E10: =_xlfn.CONCAT(C10,"-",D10,"-",TEXT(B10,"DD/MM/AA")) -> 4032-BOG-MTR-LA-07/01/AA
A11: 8734D9B3-44A2-4753-A514-6574FB5F21A1 | B11: 45299.997 | C11: 4228 | D11: =RutaAerolinea_Muestreo!E11 -> BOG-MTR-AV | E11: =_xlfn.CONCAT(C11,"-",D11,"-",TEXT(B11,"DD/MM/AA")) -> 4228-BOG-MTR-AV-08/01/AA
A12: 9BFB6E99-C4C4-470C-864C-69C71C20AB3E | B12: 45300.997 | C12: 4239 | D12: =RutaAerolinea_Muestreo!E12 -> MTR-BOG-LA | E12: =_xlfn.CONCAT(C12,"-",D12,"-",TEXT(B12,"DD/MM/AA")) -> 4239-MTR-BOG-LA-09/01/AA
A13: 99873F76-FB8E-4D73-9F7D-69F7069C22CB | B13: 45301.997 | C13: 4361 | D13: =RutaAerolinea_Muestreo!E13 -> MTR-BOG-AV | E13: =_xlfn.CONCAT(C13,"-",D13,"-",TEXT(B13,"DD/MM/AA")) -> 4361-MTR-BOG-AV-10/01/AA
A14: 27C483F9-1BC2-4D53-8FEB-6A957947D18B | B14: 45302.997 | C14: 4360 | D14: =RutaAerolinea_Muestreo!E14 -> MDE-SMR-LA | E14: =_xlfn.CONCAT(C14,"-",D14,"-",TEXT(B14,"DD/MM/AA")) -> 4360-MDE-SMR-LA-11/01/AA
A15: C126DB86-5BA0-4D66-AA0F-6C9187B7E812 | B15: 45303.997 | C15: 4037 | D15: =RutaAerolinea_Muestreo!E15 -> MDE-SMR-AV | E15: =_xlfn.CONCAT(C15,"-",D15,"-",TEXT(B15,"DD/MM/AA")) -> 4037-MDE-SMR-AV-12/01/AA
... A23: 8BD76D0B-5412-4497-9C39-7AED2A49C67E | B23: 45311.997 | C23: 4401 | D23: =RutaAerolinea_Muestreo!E23 -> BOG-CTG-AV | E23: =_xlfn.CONCAT(C23,"-",D23,"-",TEXT(B23,"DD/MM/AA")) -> 4401-BOG-CTG-AV-20/01/AA
